timestamp(ms),Error,Error Integral,Error Derivative,Engine RPM Target,Engine RPM,Secondary RPM,Target Ratio,Measured Ratio,Stepper Position,Kp,Ki,Kd,
"267.715","0","0","0","3000","1387","389","3.9","3.57","0.5",,,,
"267.716","0","0","0",,,,,,,"-0.25","0","-0.1",
"267.766","0","0","0","3000","1385","385","3.9","3.6","0.5",,,,
"267.767","0","0","0",,,,,,,"-0.25","0","-0.1",
"267.817","0","0","0","3000","1394","387","3.9","3.6","0.5",,,,
"267.818","0","0","0",,,,,,,"-0.25","0","-0.1",
"267.868","0","0","0","3000","1392","387","3.9","3.6","0.5",,,,
"267.869","0","0","0",,,,,,,"-0.25","0","-0.1",
"267.919","0","0","0","3000","1387","388","3.9","3.58","0.5",,,,
"267.92","0","0","0",,,,,,,"-0.25","0","-0.1",
"267.97","0","0","0","3000","1379","385","3.9","3.58","0.5",,,,
"267.971","0","0","0",,,,,,,"-0.25","0","-0.1",
"268.021","0","0","0","3000","1374","383","3.9","3.59","0.5",,,,
"268.022","0","0","0",,,,,,,"-0.25","0","-0.1",
"268.072","0","0","0","3000","1376","383","3.9","3.59","0.5",,,,
"268.073","0","0","0",,,,,,,"-0.25","0","-0.1",
"268.123","0","0","0","3000","1387","382","3.9","3.63","0.5",,,,
"268.124","0","0","0",,,,,,,"-0.25","0","-0.1",
"268.174","0","0","0","3000","1404","386","3.9","3.64","0.5",,,,
"268.175","0","0","0",,,,,,,"-0.25","0","-0.1",
"268.225","0","0","0","3000","1399","389","3.9","3.59","0.5",,,,
"268.226","0","0","0",,,,,,,"-0.25","0","-0.1",
"268.276","0","0","0","3000","1397","390","3.9","3.59","0.5",,,,
"268.277","0","0","0",,,,,,,"-0.25","0","-0.1",
"268.327","0","0","0","3000","1411","391","3.9","3.61","0.5",,,,
"268.328","0","0","0",,,,,,,"-0.25","0","-0.1",
"268.378","0","0","0","3000","1421","393","3.9","3.62",,,,,
"268.379","0","0","0",,,,,,"0.5","-0.25","0","-0.1",
"268.429","0","0","0","3000","1433","397","3.9","3.61","0.5",,,,
"268.43","0","0","0",,,,,,,"-0.25","0","-0.1",
"268.48","0","0","0","3000","1429","399","3.9","3.58","0.5",,,,
"268.481","0","0","0",,,,,,,"-0.25","0","-0.1",
"268.531","0","0","0","3000","1429","396","3.9","3.61","0.5",,,,
"268.532","0","0","0",,,,,,,"-0.25","0","-0.1",
"268.582","0","0","0","3000","1433","397","3.9","3.61","0.5",,,,
"268.583","0","0","0",,,,,,,"-0.25","0","-0.1",
"268.633","0","0","0","3000","1443","400","3.9","3.61","0.5",,,,
"268.634","0","0","0",,,,,,,"-0.25","0","-0.1",
"268.684","0","0","0","3000","1455","402","3.9","3.62","0.5",,,,
"268.685","0","0","0",,,,,,,"-0.25","0","-0.1",
"268.735","0","0","0","3000","1444","403","3.9","3.59","0.5",,,,
"268.736","0","0","0",,,,,,,"-0.25","0","-0.1",
"268.786","0","0","0","3000","1437","400","3.9","3.59","0.5",,,,
"268.787","0","0","0",,,,,,,"-0.25","0","-0.1",
"268.837","0","0","0","3000","1439","402","3.9","3.58","0.5",,,,
"268.838","0","0","0",,,,,,,"-0.25","0","-0.1",
"268.888","0","0","0","3000","1438","401","3.9","3.59","0.5",,,,
"268.889","0","0","0",,,,,,,"-0.25","0","-0.1",
"268.939","0","0","0","3000","1436","399","3.9","3.6","0.5",,,,
"268.94","0","0","0",,,,,,,"-0.25","0","-0.1",
"268.99","0","0","0","3000","1422","399","3.9","3.57","0.5",,,,
"268.991","0","0","0",,,,,,,"-0.25","0","-0.1",
"269.041","0","0","0","3000","1424","398","3.9","3.58","0.5",,,,
"269.042","0","0","0",,,,,,,"-0.25","0","-0.1",
"269.092","0","0","0","3000","1429","398","3.9","3.59","0.5",,,,
"269.093","0","0","0",,,,,,,"-0.25","0","-0.1",
"269.143","0","0","0","3000","1437","397","3.9","3.62","0.5",,,,
"269.144","0","0","0",,,,,,,"-0.25","0","-0.1",
"269.194","0","0","0","3000","1438","398","3.9","3.62","0.5",,,,
"269.195","0","0","0",,,,,,,"-0.25","0","-0.1",
"269.245","0","0","0","3000","1416","398","3.9","3.55","0.5",,,,
"269.246","0","0","0",,,,,,,"-0.25","0","-0.1",
"269.296","0","0","0","3000","1411","395","3.9","3.57","0.5",,,,
"269.297","0","0","0",,,,,,,"-0.25","0","-0.1",
"269.347","0","0","0","3000","1410","392","3.9","3.6","0.5",,,,
"269.348","0","0","0",,,,,,,"-0.25","0","-0.1",
"269.398","0","0","0","3000","1420","394","3.9","3.61","0.5",,,,
"269.399","0","0","0",,,,,,,"-0.25","0","-0.1",
"269.449","0","0","0","3000","1425","394","3.9","3.61","0.5",,,,
"269.45","0","0","0",,,,,,,"-0.25","0","-0.1",
"269.5","0","0","0","3000","1419","397","3.9","3.58","0.5",,,,
"269.501","0","0","0",,,,,,,"-0.25","0","-0.1",
"269.551","0","0","0","3000","1408","393","3.9","3.58","0.5",,,,
"269.552","0","0","0",,,,,,,"-0.25","0","-0.1",
"269.602","0","0","0","3000","1392","393","3.9","3.54","0.5",,,,
"269.603","0","0","0",,,,,,,"-0.25","0","-0.1",
"269.653","0","0","0","3000","1402","390","3.9","3.6","0.5",,,,
"269.654","0","0","0",,,,,,,"-0.25","0","-0.1",
"269.704","0","0","0","3000","1410","388","3.9","3.63","0.5",,,,
"269.705","0","0","0",,,,,,,"-0.25","0","-0.1",
"269.755","0","0","0","3000","1411","392","3.9","3.6","0.5",,,,
"269.756","0","0","0",,,,,,,"-0.25","0","-0.1",
"269.806","0","0","0","3000","1419","394","3.9","3.61","0.5",,,,
"269.807","0","0","0",,,,,,,"-0.25","0","-0.1",
"269.857","0","0","0","3000","1433","397","3.9","3.61","0.5",,,,
"269.858","0","0","0",,,,,,,"-0.25","0","-0.1",
"269.908","0","0","0","3000","1429","395","3.9","3.61","0.5",,,,
"269.909","0","0","0",,,,,,,"-0.25","0","-0.1",
"269.959","0","0","0","3000","1426","397","3.9","3.6","0.5",,,,
"269.96","0","0","0",,,,,,,"-0.25","0","-0.1",
"270.01","0","0","0","3000","1432","398","3.9","3.59","0.5",,,,
"270.011","0","0","0",,,,,,,"-0.25","0","-0.1",
"270.061","0","0","0","3000","1431","396","3.9","3.61","0.5",,,,
"270.062","0","0","0",,,,,,,"-0.25","0","-0.1",
"270.112","0","0","0","3000","1431","397","3.9","3.61","0.5",,,,
"270.113","0","0","0",,,,,,,"-0.25","0","-0.1",
"270.163","0","0","0","3000","1439","398","3.9","3.62","0.5",,,,
"270.164","0","0","0",,,,,,,"-0.25","0","-0.1",
"270.214","0","0","0","3000","1451","400","3.9","3.63","0.5",,,,
"270.215","0","0","0",,,,,,,"-0.25","0","-0.1",
"270.265","0","0","0","3000","1460","405","3.9","3.61","0.5",,,,
"270.266","0","0","0",,,,,,,"-0.25","0","-0.1",
"270.316","0","0","0","3000","1460","404","3.9","3.61","0.5",,,,
"270.317","0","0","0",,,,,,,"-0.25","0","-0.1",
"270.367","0","0","0","3000","1456","404","3.9","3.6","0.5",,,,
"270.368","0","0","0",,,,,,,"-0.25","0","-0.1",
"270.418","0","0","0","3000","1926","405","3.9","4.75","0.5",,,,
"270.419","0","0","0",,,,,,,"-0.25","0","-0.1",
"270.469","0","0","0","3000","1472","402","3.9","3.66","0.5",,,,
"270.47","0","0","0",,,,,,,"-0.25","0","-0.1",
"270.52","0","0","0","3000","1436","401","3.9","3.58","0.5",,,,
"270.521","0","0","0",,,,,,,"-0.25","0","-0.1",
"270.571","0","0","0","3000","1433","399","3.9","3.59","0.5",,,,
"270.572","0","0","0",,,,,,,"-0.25","0","-0.1",
"270.622","0","0","0","3000","1433","399","3.9","3.59","0.5",,,,
"270.623","0","0","0",,,,,,,"-0.25","0","-0.1",
"270.673","0","0","0","3000","1438","400","3.9","3.59","0.5",,,,
"270.674","0","0","0",,,,,,,"-0.25","0","-0.1",
"270.724","0","0","0","3000","1447","399","3.9","3.63","0.5",,,,
"270.725","0","0","0",,,,,,,"-0.25","0","-0.1",
"270.775","0","0","0","3000","1459","402","3.9","3.63","0.5",,,,
"270.776","0","0","0",,,,,,,"-0.25","0","-0.1",
"270.826","0","0","0","3000","1450","403","3.9","3.6","0.5",,,,
"270.827","0","0","0",,,,,,,"-0.25","0","-0.1",
"270.877","0","0","0","3000","1442","403","3.9","3.58","0.5",,,,
"270.878","0","0","0",,,,,,,"-0.25","0","-0.1",
"270.928","0","0","0","3000","1442","401","3.9","3.59","0.5",,,,
"270.929","0","0","0",,,,,,,"-0.25","0","-0.1",
"270.979","0","0","0","3000","1443","401","3.9","3.6","0.5",,,,
"270.98","0","0","0",,,,,,,"-0.25","0","-0.1",
"271.03","0","0","0","3000","1445","402","3.9","3.59","0.5",,,,
"271.031","0","0","0",,,,,,,"-0.25","0","-0.1",
"271.081","0","0","0","3000","1438","402","3.9","3.58","0.5",,,,
"271.082","0","0","0",,,,,,,"-0.25","0","-0.1",
"271.132","0","0","0","3000","1432","399","3.9","3.59","0.5",,,,
"271.133","0","0","0",,,,,,,"-0.25","0","-0.1",
"271.183","0","0","0","3000","1432","400","3.9","3.58","0.5",,,,
"271.184","0","0","0",,,,,,,"-0.25","0","-0.1",
"271.234","0","0","0","3000","1432","398","3.9","3.59","0.5",,,,
"271.235","0","0","0",,,,,,,"-0.25","0","-0.1",
"271.285","0","0","0","3000","1431","398","3.9","3.6","0.5",,,,
"271.286","0","0","0",,,,,,,"-0.25","0","-0.1",
"271.336","0","0","0","3000","1433","400","3.9","3.58","0.5",,,,
"271.337","0","0","0",,,,,,,"-0.25","0","-0.1",
"271.387","0","0","0","3000","1438","398","3.9","3.61","0.5",,,,
"271.388","0","0","0",,,,,,,"-0.25","0","-0.1",
"271.438","0","0","0","3000","1443","402","3.9","3.59","0.5",,,,
"271.439","0","0","0",,,,,,,"-0.25","0","-0.1",
"271.489","0","0","0","3000","1441","402","3.9","3.59","0.5",,,,
"271.49","0","0","0",,,,,,,"-0.25","0","-0.1",
"271.54","0","0","0","3000","1439","400","3.9","3.6","0.5",,,,
"271.541","0","0","0",,,,,,,"-0.25","0","-0.1",
"271.591","0","0","0","3000","1448","401","3.9","3.61","0.5",,,,
"271.592","0","0","0",,,,,,,"-0.25","0","-0.1",
"271.642","0","0","0","3000","1438","401","3.9","3.59","0.5",,,,
"271.643","0","0","0",,,,,,,"-0.25","0","-0.1",
"271.693","0","0","0","3000","1415","399","3.9","3.54","0.5",,,,
"271.694","0","0","0",,,,,,,"-0.25","0","-0.1",
"271.744","0","0","0","3000","1410","395","3.9","3.57","0.5",,,,
"271.745","0","0","0",,,,,,,"-0.25","0","-0.1",
"271.795","0","0","0","3000","1404","391","3.9","3.59","0.5",,,,
"271.796","0","0","0",,,,,,,"-0.25","0","-0.1",
"271.846","0","0","0","3000","1403","392","3.9","3.58","0.5",,,,
"271.847","0","0","0",,,,,,,"-0.25","0","-0.1",
"271.897","0","0","0","3000","1407","390","3.9","3.61","0.5",,,,
"271.898","0","0","0",,,,,,,"-0.25","0","-0.1",
"271.948","0","0","0","3000","1417","391","3.9","3.62","0.5",,,,
"271.949","0","0","0",,,,,,,"-0.25","0","-0.1",
"271.999","0","0","0","3000","1427","395","3.9","3.61","0.5",,,,
"272","0","0","0",,,,,,,"-0.25","0","-0.1",
"272.05","0","0","0","3000","1432","397","3.9","3.61","0.5",,,,
"272.051","0","0","0",,,,,,,"-0.25","0","-0.1",
"272.101","0","0","0","3000","1426","400","3.9","3.57","0.5",,,,
"272.102","0","0","0",,,,,,,"-0.25","0","-0.1",
"272.152","0","0","0","3000","1432","397","3.9","3.61","0.5",,,,
"272.153","0","0","0",,,,,,,"-0.25","0","-0.1",
"272.203","0","0","0","3000","1446","399","3.9","3.62","0.5",,,,
"272.204","0","0","0",,,,,,,"-0.25","0","-0.1",
"272.254","0","0","0","3000","1441","402","3.9","3.59","0.5",,,,
"272.255","0","0","0",,,,,,,"-0.25","0","-0.1",
"272.305","0","0","0","3000","1437","400","3.9","3.59","0.5",,,,
"272.306","0","0","0",,,,,,,"-0.25","0","-0.1",
"272.356","0","0","0","3000","1439","399","3.9","3.6","0.5",,,,
"272.357","0","0","0",,,,,,,"-0.25","0","-0.1",
"272.407","0","0","0","3000","1443","400","3.9","3.61","0.5",,,,
"272.408","0","0","0",,,,,,,"-0.25","0","-0.1",
"272.458","0","0","0","3000","1448","402","3.9","3.6","0.5",,,,
"272.459","0","0","0",,,,,,,"-0.25","0","-0.1",
"272.509","0","0","0","3000","1462","405","3.9","3.61","0.5",,,,
"272.51","0","0","0",,,,,,,"-0.25","0","-0.1",
"272.56","0","0","0","3000","1466","405","3.9","3.62","0.5",,,,
"272.561","0","0","0",,,,,,,"-0.25","0","-0.1",
"272.611","0","0","0","3000","1467","408","3.9","3.6","0.5",,,,
"272.612","0","0","0",,,,,,,"-0.25","0","-0.1",
"272.662","0","0","0","3000","1462","409","3.9","3.58","0.5",,,,
"272.663","0","0","0",,,,,,,"-0.25","0","-0.1",
"272.713","0","0","0","3000","1460","406","3.9","3.59","0.5",,,,
"272.714","0","0","0",,,,,,,"-0.25","0","-0.1",
"272.764","0","0","0","3000","1463","407","3.9","3.59","0.5",,,,
"272.765","0","0","0",,,,,,,"-0.25","0","-0.1",
"272.815","0","0","0","3000","1463","406","3.9","3.6","0.5",,,,
"272.816","0","0","0",,,,,,,"-0.25","0","-0.1",
"272.866","0","0","0","3000","1463","408","3.9","3.59","0.5",,,,
"272.867","0","0","0",,,,,,,"-0.25","0","-0.1",
"272.917","0","0","0","3000","1474","409","3.9","3.6","0.5",,,,
"272.918","0","0","0",,,,,,,"-0.25","0","-0.1",
"272.968","0","0","0","3000","1472","408","3.9","3.61","0.5",,,,
"272.969","0","0","0",,,,,,,"-0.25","0","-0.1",
"273.019","0","0","0","3000","1456","410","3.9","3.55","0.5",,,,
"273.02","0","0","0",,,,,,,"-0.25","0","-0.1",
"273.07","0","0","0","3000","1463","406","3.9","3.6","0.5",,,,
"273.071","0","0","0",,,,,,,"-0.25","0","-0.1",
"273.121","0","0","0","3000","1471","406","3.9","3.62","0.5",,,,
"273.122","0","0","0",,,,,,,"-0.25","0","-0.1",
"273.172","0","0","0","3000","1471","410","3.9","3.59","0.5",,,,
"273.173","0","0","0",,,,,,,"-0.25","0","-0.1",
"273.223","0","0","0","3000","1469","408","3.9","3.6","0.5",,,,
"273.224","0","0","0",,,,,,,"-0.25","0","-0.1",
"273.274","0","0","0","3000","1464","409","3.9","3.58","0.5",,,,
"273.275","0","0","0",,,,,,,"-0.25","0","-0.1",
"273.325","0","0","0","3000","1460","408","3.9","3.58","0.5",,,,
"273.326","0","0","0",,,,,,,"-0.25","0","-0.1",
"273.376","0","0","0","3000","1440","405","3.9","3.56","0.5",,,,
"273.377","0","0","0",,,,,,,"-0.25","0","-0.1",
"273.427","0","0","0","3000","1419","399","3.9","3.56","0.5",,,,
"273.428","0","0","0",,,,,,,"-0.25","0","-0.1",
"273.478","0","0","0","3000","1420","397","3.9","3.58","0.5",,,,
"273.479","0","0","0",,,,,,,"-0.25","0","-0.1",
"273.529","0","0","0","3000","1425","395","3.9","3.61","0.5",,,,
"273.53","0","0","0",,,,,,,"-0.25","0","-0.1",
"273.58","0","0","0","3000","1418","397","3.9","3.57","0.5",,,,
"273.581","0","0","0",,,,,,,"-0.25","0","-0.1",
"273.631","0","0","0","3000","1419","394","3.9","3.6","0.5",,,,
"273.632","0","0","0",,,,,,,"-0.25","0","-0.1",
"273.682","0","0","0","3000","1422","397","3.9","3.58","0.5",,,,
"273.683","0","0","0",,,,,,,"-0.25","0","-0.1",
"273.733","0","0","0","3000","1420","396","3.9","3.59","0.5",,,,
"273.734","0","0","0",,,,,,,"-0.25","0","-0.1",
"273.784","0","0","0","3000","1420","395","3.9","3.6","0.5",,,,
"273.785","0","0","0",,,,,,,"-0.25","0","-0.1",
"273.835","0","0","0","3000","1432","396","3.9","3.62","0.5",,,,
"273.836","0","0","0",,,,,,,"-0.25","0","-0.1",
"273.886","0","0","0","3000","1443","398","3.9","3.62","0.5",,,,
"273.887","0","0","0",,,,,,,"-0.25","0","-0.1",
"273.937","0","0","0","3000","1459","402","3.9","3.63","0.5",,,,
"273.938","0","0","0",,,,,,,"-0.25","0","-0.1",
"273.988","0","0","0","3000","1464","402","3.9","3.64","0.5",,,,
"273.989","0","0","0",,,,,,,"-0.25","0","-0.1",
"274.039","0","0","0","3000","1474","406","3.9","3.63","0.5",,,,
"274.04","0","0","0",,,,,,,"-0.25","0","-0.1",
"274.09","0","0","0","3000","1482","411","3.9","3.61","0.5",,,,
"274.091","0","0","0",,,,,,,"-0.25","0","-0.1",
"274.141","0","0","0","3000","1472","411","3.9","3.58","0.5",,,,
"274.142","0","0","0",,,,,,,"-0.25","0","-0.1",
"274.192","0","0","0","3000","1466","409","3.9","3.58","0.5",,,,
"274.193","0","0","0",,,,,,,"-0.25","0","-0.1",
"274.243","0","0","0","3000","1480","410","3.9","3.61","0.5",,,,
"274.244","0","0","0",,,,,,,"-0.25","0","-0.1",
"274.294","0","0","0","3000","1470","409","3.9","3.59","0.5",,,,
"274.295","0","0","0",,,,,,,"-0.25","0","-0.1",
"274.345","0","0","0","3000","1453","410","3.9","3.54","0.5",,,,
"274.346","0","0","0",,,,,,,"-0.25","0","-0.1",
"274.396","0","0","0","3000","1443","403","3.9","3.58","0.5",,,,
"274.397","0","0","0",,,,,,,"-0.25","0","-0.1",
"274.447","0","0","0","3000","1439","400","3.9","3.59","0.5",,,,
"274.448","0","0","0",,,,,,,"-0.25","0","-0.1",
"274.498","0","0","0","3000","1428","401","3.9","3.56","0.5",,,,
"274.499","0","0","0",,,,,,,"-0.25","0","-0.1",
"274.549","0","0","0","3000","1427","398","3.9","3.58","0.5",,,,
"274.55","0","0","0",,,,,,,"-0.25","0","-0.1",
"274.6","0","0","0","3000","1428","397","3.9","3.59","0.5",,,,
"274.601","0","0","0",,,,,,,"-0.25","0","-0.1",
"274.651","0","0","0","3000","1411","395","3.9","3.57","0.5",,,,
"274.652","0","0","0",,,,,,,"-0.25","0","-0.1",
"274.702","0","0","0","3000","1397","391","3.9","3.57","0.5",,,,
"274.703","0","0","0",,,,,,,"-0.25","0","-0.1",
"274.753","0","0","0","3000","1405","392","3.9","3.59","0.5",,,,
"274.754","0","0","0",,,,,,,"-0.25","0","-0.1",
"274.804","0","0","0","3000","1405","390","3.9","3.61","0.5",,,,
"274.805","0","0","0",,,,,,,"-0.25","0","-0.1",
"274.855","0","0","0","3000","1403","389","3.9","3.6","0.5",,,,
"274.856","0","0","0",,,,,,,"-0.25","0","-0.1",
"274.906","0","0","0","3000","1403","392","3.9","3.58","0.5",,,,
"274.907","0","0","0",,,,,,,"-0.25","0","-0.1",
"274.957","0","0","0","3000","1405","390","3.9","3.6","0.5",,,,
"274.958","0","0","0",,,,,,,"-0.25","0","-0.1",
"275.008","0","0","0","3000","1417","394","3.9","3.6","0.5",,,,
"275.009","0","0","0",,,,,,,"-0.25","0","-0.1",
"275.059","0","0","0","3000","1420","393","3.9","3.62","0.5",,,,
"275.06","0","0","0",,,,,,,"-0.25","0","-0.1",
"275.11","0","0","0","3000","1425","396","3.9","3.6","0.5",,,,
"275.111","0","0","0",,,,,,,"-0.25","0","-0.1",
"275.161","0","0","0","3000","1431","398","3.9","3.59","0.5",,,,
"275.162","0","0","0",,,,,,,"-0.25","0","-0.1",
"275.212","0","0","0","3000","1442","397","3.9","3.63","0.5",,,,
"275.213","0","0","0",,,,,,,"-0.25","0","-0.1",
"275.263","0","0","0","3000","1451","401","3.9","3.62","0.5",,,,
"275.264","0","0","0",,,,,,,"-0.25","0","-0.1",
"275.314","0","0","0","3000","1450","402","3.9","3.61","0.5",,,,
"275.315","0","0","0",,,,,,,"-0.25","0","-0.1",
"275.365","0","0","0","3000","1447","404","3.9","3.58","0.5",,,,
"275.366","0","0","0",,,,,,,"-0.25","0","-0.1",
"275.416","0","0","0","3000","1445","402","3.9","3.59","0.5",,,,
"275.417","0","0","0",,,,,,,"-0.25","0","-0.1",
"275.467","0","0","0","3000","1436","401","3.9","3.58","0.5",,,,
"275.468","0","0","0",,,,,,,"-0.25","0","-0.1",
"275.518","0","0","0","3000","1425","400","3.9","3.56","0.5",,,,
"275.519","0","0","0",,,,,,,"-0.25","0","-0.1",
"275.569","0","0","0","3000","1425","396","3.9","3.6","0.5",,,,
"275.57","0","0","0",,,,,,,"-0.25","0","-0.1",
"275.62","0","0","0","3000","1427","395","3.9","3.61",,,,,
"275.621","0","0","0",,,,,,"0.5","-0.25","0","-0.1",
"275.671","0","0","0","3000","1425","397","3.9","3.59","0.5",,,,
"275.672","0","0","0",,,,,,,"-0.25","0","-0.1",
"275.722","0","0","0","3000","1419","395","3.9","3.59","0.5",,,,
"275.723","0","0","0",,,,,,,"-0.25","0","-0.1",
"275.773","0","0","0","3000","1412","395","3.9","3.58","0.5",,,,
"275.774","0","0","0",,,,,,,"-0.25","0","-0.1",
"275.824","0","0","0","3000","1431","395","3.9","3.62","0.5",,,,
"275.825","0","0","0",,,,,,,"-0.25","0","-0.1",
"275.875","0","0","0","3000","1446","397","3.9","3.64","0.5",,,,
"275.876","0","0","0",,,,,,,"-0.25","0","-0.1",
"275.926","0","0","0","3000","1460","404","3.9","3.62","0.5",,,,
"275.927","0","0","0",,,,,,,"-0.25","0","-0.1",
"275.977","0","0","0","3000","1461","403","3.9","3.63","0.5",,,,
"275.978","0","0","0",,,,,,,"-0.25","0","-0.1",
"276.028","0","0","0","3000","1461","406","3.9","3.6","0.5",,,,
"276.029","0","0","0",,,,,,,"-0.25","0","-0.1",
"276.079","0","0","0","3000","1468","407","3.9","3.61","0.5",,,,
"276.08","0","0","0",,,,,,,"-0.25","0","-0.1",
"276.13","0","0","0","3000","1454","406","3.9","3.58","0.5",,,,
"276.131","0","0","0",,,,,,,"-0.25","0","-0.1",
"276.181","0","0","0","3000","1425","404","3.9","3.53","0.5",,,,
"276.182","0","0","0",,,,,,,"-0.25","0","-0.1",
"276.232","0","0","0","3000","1434","399","3.9","3.6","0.5",,,,
"276.233","0","0","0",,,,,,,"-0.25","0","-0.1",
"276.283","0","0","0","3000","1444","397","3.9","3.64","0.5",,,,
"276.284","0","0","0",,,,,,,"-0.25","0","-0.1",
"276.334","0","0","0","3000","1440","401","3.9","3.59","0.5",,,,
"276.335","0","0","0",,,,,,,"-0.25","0","-0.1",
"276.385","0","0","0","3000","1435","401","3.9","3.58","0.5",,,,
"276.386","0","0","0",,,,,,,"-0.25","0","-0.1",
"276.436","0","0","0","3000","1434","399","3.9","3.59","0.5",,,,
"276.437","0","0","0",,,,,,,"-0.25","0","-0.1",
"276.487","0","0","0","3000","1914","399","3.9","4.8","0.5",,,,
"276.488","0","0","0",,,,,,,"-0.25","0","-0.1",
"276.538","0","0","0","3000","1882","399","3.9","4.72","0.5",,,,
"276.539","0","0","0",,,,,,,"-0.25","0","-0.1",
"276.589","0","0","0","3000","1418","397","3.9","3.57","0.5",,,,
"276.59","0","0","0",,,,,,,"-0.25","0","-0.1",
"276.64","0","0","0","3000","1409","392","3.9","3.59","0.5",,,,
"276.641","0","0","0",,,,,,,"-0.25","0","-0.1",
"276.691","0","0","0","3000","1403","393","3.9","3.57","0.5",,,,
"276.692","0","0","0",,,,,,,"-0.25","0","-0.1",
"276.742","0","0","0","3000","1409","392","3.9","3.59","0.5",,,,
"276.743","0","0","0",,,,,,,"-0.25","0","-0.1",
"276.793","0","0","0","3000","1413","391","3.9","3.61","0.5",,,,
"276.794","0","0","0",,,,,,,"-0.25","0","-0.1",
"276.844","0","0","0","3000","1409","392","3.9","3.59","0.5",,,,
"276.845","0","0","0",,,,,,,"-0.25","0","-0.1",
"276.895","0","0","0","3000","1405","391","3.9","3.6","0.5",,,,
"276.896","0","0","0",,,,,,,"-0.25","0","-0.1",
"276.946","0","0","0","3000","1404","392","3.9","3.58","0.5",,,,
"276.947","0","0","0",,,,,,,"-0.25","0","-0.1",
"276.997","0","0","0","3000","1401","390","3.9","3.6","0.5",,,,
"276.998","0","0","0",,,,,,,"-0.25","0","-0.1",
"277.048","0","0","0","3000","1401","389","3.9","3.6","0.5",,,,
"277.049","0","0","0",,,,,,,"-0.25","0","-0.1",
"277.099","0","0","0","3000","1410","392","3.9","3.6","0.9",,,,
"277.1","0","0","0",,,,,,,"-0.25","0","-0.1",
"277.15","0","0","0","3000","1415","391","3.9","3.62","0.9",,,,
"277.151","0","0","0",,,,,,,"-0.25","0","-0.1",
"277.201","0","0","0","3000","1411","394","3.9","3.58","0.9",,,,
"277.202","0","0","0",,,,,,,"-0.25","0","-0.1",
"277.252","0","0","0","3000","1424","395","3.9","3.61","0.9",,,,
"277.253","0","0","0",,,,,,,"-0.25","0","-0.1",
"277.303","0","0","0","3000","1433","398","3.9","3.6","0.9",,,,
"277.304","0","0","0",,,,,,,"-0.25","0","-0.1",
"277.354","0","0","0","3000","1433","402","3.9","3.56","0.9",,,,
"277.355","0","0","0",,,,,,,"-0.25","0","-0.1",
"277.405","0","0","0","3000","1441","403","3.9","3.58","0.9",,,,
"277.406","0","0","0",,,,,,,"-0.25","0","-0.1",
"277.456","0","0","0","3000","1451","415","3.9","3.5","0.9",,,,
"277.457","0","0","0",,,,,,,"-0.25","0","-0.1",
"277.507","0","0","0","3000","1450","424","3.9","3.42","0.9",,,,
"277.508","0","0","0",,,,,,,"-0.25","0","-0.1",
"277.558","0","0","0","3000","1449","433","3.9","3.34","0.9",,,,
"277.559","0","0","0",,,,,,,"-0.25","0","-0.1",
"277.609","0","0","0","3000","1449","439","3.9","3.3","0.9",,,,
"277.61","0","0","0",,,,,,,"-0.25","0","-0.1",
"277.66","0","0","0","3000","1448","454","3.9","3.19","0.9",,,,
"277.661","0","0","0",,,,,,,"-0.25","0","-0.1",
"277.711","0","0","0","3000","1443","458","3.9","3.15","0.9",,,,
"277.712","0","0","0",,,,,,,"-0.25","0","-0.1",
"277.762","0","0","0","3000","1431","468","3.9","3.06","0.9",,,,
"277.763","0","0","0",,,,,,,"-0.25","0","-0.1",
"277.813","0","0","0","3000","1419","463","3.9","3.07","0.9",,,,
"277.814","0","0","0",,,,,,,"-0.25","0","-0.1",
"277.864","0","0","0","3000","1417","468","3.9","3.03","0.9",,,,
"277.865","0","0","0",,,,,,,"-0.25","0","-0.1",
"277.915","0","0","0","3000","1411","472","3.9","2.99","0.9",,,,
"277.916","0","0","0",,,,,,,"-0.25","0","-0.1",
"277.966","0","0","0","3000","1403","466","3.9","3.01","0.9",,,,
"277.967","0","0","0",,,,,,,"-0.25","0","-0.1",
"278.017","0","0","0","3000","1406","468","3.9","3.01","0.9",,,,
"278.018","0","0","0",,,,,,,"-0.25","0","-0.1",
"278.068","0","0","0","3000","1410","465","3.9","3.03","0.9",,,,
"278.069","0","0","0",,,,,,,"-0.25","0","-0.1",
"278.119","0","0","0","3000","1412","469","3.9","3.01","0.9",,,,
"278.12","0","0","0",,,,,,,"-0.25","0","-0.1",
"278.17","0","0","0","3000","1420","476","3.9","2.98","0.9",,,,
"278.171","0","0","0",,,,,,,"-0.25","0","-0.1",
"278.221","0","0","0","3000","1430","471","3.9","3.03","0.9",,,,
"278.222","0","0","0",,,,,,,"-0.25","0","-0.1",
"278.272","0","0","0","3000","1408","476","3.9","2.96","0.9",,,,
"278.273","0","0","0",,,,,,,"-0.25","0","-0.1",
"278.323","0","0","0","3000","1394","466","3.9","2.99","0.9",,,,
"278.324","0","0","0",,,,,,,"-0.25","0","-0.1",
"278.374","0","0","0","3000","1398","464","3.9","3.01","0.9",,,,
"278.375","0","0","0",,,,,,,"-0.25","0","-0.1",
"278.425","0","0","0","3000","1412","472","3.9","2.99","0.9",,,,
"278.426","0","0","0",,,,,,,"-0.25","0","-0.1",
"278.476","0","0","0","3000","1432","472","3.9","3.03","0.9",,,,
"278.477","0","0","0",,,,,,,"-0.25","0","-0.1",
"278.527","0","0","0","3000","1432","481","3.9","2.98","0.9",,,,
"278.528","0","0","0",,,,,,,"-0.25","0","-0.1",
"278.578","0","0","0","3000","1431","477","3.9","3","0.9",,,,
"278.579","0","0","0",,,,,,,"-0.25","0","-0.1",
"278.629","0","0","0","3000","1428","475","3.9","3","0.9",,,,
"278.63","0","0","0",,,,,,,"-0.25","0","-0.1",
"278.68","0","0","0","3000","1425","480","3.9","2.97","0.9",,,,
"278.681","0","0","0",,,,,,,"-0.25","0","-0.1",
"278.731","0","0","0","3000","1423","474","3.9","3","0.9",,,,
"278.732","0","0","0",,,,,,,"-0.25","0","-0.1",
"278.782","0","0","0","3000","1418","475","3.9","2.99","0.9",,,,
"278.783","0","0","0",,,,,,,"-0.25","0","-0.1",
"278.833","0","0","0","3000","1415","475","3.9","2.98","0.9",,,,
"278.834","0","0","0",,,,,,,"-0.25","0","-0.1",
"278.884","0","0","0","3000","1418","472","3.9","3","0.9",,,,
"278.885","0","0","0",,,,,,,"-0.25","0","-0.1",
"278.935","0","0","0","3000","1419","477","3.9","2.97","0.9",,,,
"278.936","0","0","0",,,,,,,"-0.25","0","-0.1",
"278.986","0","0","0","3000","1419","471","3.9","3.01","0.9",,,,
"278.987","0","0","0",,,,,,,"-0.25","0","-0.1",
"279.037","0","0","0","3000","1415","475","3.9","2.98","0.9",,,,
"279.038","0","0","0",,,,,,,"-0.25","0","-0.1",
"279.088","0","0","0","3000","1401","471","3.9","2.98","0.9",,,,
"279.089","0","0","0",,,,,,,"-0.25","0","-0.1",
"279.139","0","0","0","3000","1385","466","3.9","2.97","0.9",,,,
"279.14","0","0","0",,,,,,,"-0.25","0","-0.1",
"279.19","0","0","0","3000","1385","463","3.9","2.99","0.9",,,,
"279.191","0","0","0",,,,,,,"-0.25","0","-0.1",
"279.241","0","0","0","3000","1393","461","3.9","3.02","0.9",,,,
"279.242","0","0","0",,,,,,,"-0.25","0","-0.1",
"279.292","0","0","0","3000","1391","466","3.9","2.98","0.9",,,,
"279.293","0","0","0",,,,,,,"-0.25","0","-0.1",
"279.343","0","0","0","3000","1385","460","3.9","3.01","0.9",,,,
"279.344","0","0","0",,,,,,,"-0.25","0","-0.1",
"279.394","0","0","0","3000","1377","459","3.9","3","0.9",,,,
"279.395","0","0","0",,,,,,,"-0.25","0","-0.1",
"279.445","0","0","0","3000","1385","466","3.9","2.97","0.9",,,,
"279.446","0","0","0",,,,,,,"-0.25","0","-0.1",
"279.496","0","0","0","3000","1402","463","3.9","3.03","0.9",,,,
"279.497","0","0","0",,,,,,,"-0.25","0","-0.1",
"279.547","0","0","0","3000","1401","468","3.9","2.99","0.9",,,,
"279.548","0","0","0",,,,,,,"-0.25","0","-0.1",
"279.598","0","0","0","3000","1399","461","3.9","3.03","0.9",,,,
"279.599","0","0","0",,,,,,,"-0.25","0","-0.1",
"279.649","0","0","0","3000","1393","466","3.9","2.99","0.9",,,,
"279.65","0","0","0",,,,,,,"-0.25","0","-0.1",
"279.7","0","0","0","3000","1395","469","3.9","2.98","0.9",,,,
"279.701","0","0","0",,,,,,,"-0.25","0","-0.1",
"279.751","0","0","0","3000","1400","463","3.9","3.02","0.9",,,,
"279.752","0","0","0",,,,,,,"-0.25","0","-0.1",
"279.802","0","0","0","3000","1405","469","3.9","3","0.9",,,,
"279.803","0","0","0",,,,,,,"-0.25","0","-0.1",
"279.853","0","0","0","3000","1404","465","3.9","3.02","0.9",,,,
"279.854","0","0","0",,,,,,,"-0.25","0","-0.1",
"279.904","0","0","0","3000","1389","465","3.9","2.98","0.9",,,,
"279.905","0","0","0",,,,,,,"-0.25","0","-0.1",
"279.955","0","0","0","3000","1391","462","3.9","3.01","0.9",,,,
"279.956","0","0","0",,,,,,,"-0.25","0","-0.1",
"280.006","0","0","0","3000","1398","462","3.9","3.03","0.9",,,,
"280.007","0","0","0",,,,,,,"-0.25","0","-0.1",
"280.057","0","0","0","3000","1411","473","3.9","2.98","0.9",,,,
"280.058","0","0","0",,,,,,,"-0.25","0","-0.1",
"280.108","0","0","0","3000","1419","468","3.9","3.03","0.9",,,,
"280.109","0","0","0",,,,,,,"-0.25","0","-0.1",
"280.159","0","0","0","3000","1420","471","3.9","3.02","0.9",,,,
"280.16","0","0","0",,,,,,,"-0.25","0","-0.1",
"280.21","0","0","0","3000","1419","469","3.9","3.02","0.9",,,,
"280.211","0","0","0",,,,,,,"-0.25","0","-0.1",
"280.261","0","0","0","3000","1417","472","3.9","3","0.9",,,,
"280.262","0","0","0",,,,,,,"-0.25","0","-0.1",
"280.312","0","0","0","3000","1431","478","3.9","2.99","0.9",,,,
"280.313","0","0","0",,,,,,,"-0.25","0","-0.1",
"280.363","0","0","0","3000","1440","473","3.9","3.04","0.9",,,,
"280.364","0","0","0",,,,,,,"-0.25","0","-0.1",
"280.414","0","0","0","3000","1443","481","3.9","3","0.9",,,,
"280.415","0","0","0",,,,,,,"-0.25","0","-0.1",
"280.465","0","0","0","3000","1445","485","3.9","2.98","0.9",,,,
"280.466","0","0","0",,,,,,,"-0.25","0","-0.1",
"280.516","0","0","0","3000","1446","481","3.9","3.01","0.9",,,,
"280.517","0","0","0",,,,,,,"-0.25","0","-0.1",
"280.567","0","0","0","3000","1445","483","3.9","2.99","0.9",,,,
"280.568","0","0","0",,,,,,,"-0.25","0","-0.1",
"280.618","0","0","0","3000","1446","485","3.9","2.98","0.9",,,,
"280.619","0","0","0",,,,,,,"-0.25","0","-0.1",
"280.669","0","0","0","3000","1450","482","3.9","3.01","0.9",,,,
"280.67","0","0","0",,,,,,,"-0.25","0","-0.1",
"280.72","0","0","0","3000","1448","486","3.9","2.98","0.9",,,,
"280.721","0","0","0",,,,,,,"-0.25","0","-0.1",
"280.771","0","0","0","3000","1447","479","3.9","3.02","0.9",,,,
"280.772","0","0","0",,,,,,,"-0.25","0","-0.1",
"280.822","0","0","0","3000","1460","488","3.9","2.99","0.9",,,,
"280.823","0","0","0",,,,,,,"-0.25","0","-0.1",
"280.873","0","0","0","3000","1451","487","3.9","2.98","0.9",,,,
"280.874","0","0","0",,,,,,,"-0.25","0","-0.1",
"280.924","0","0","0","3000","1436","481","3.9","2.99","0.9",,,,
"280.925","0","0","0",,,,,,,"-0.25","0","-0.1",
"280.975","0","0","0","3000","1934","481","3.9","4.03","0.9",,,,
"280.976","0","0","0",,,,,,,"-0.25","0","-0.1",
"281.026","0","0","0","3000","1905","480","3.9","3.96","0.9",,,,
"281.027","0","0","0",,,,,,,"-0.25","0","-0.1",
"281.077","0","0","0","3000","1432","481","3.9","2.97","0.9",,,,
"281.078","0","0","0",,,,,,,"-0.25","0","-0.1",
"281.128","0","0","0","3000","1428","477","3.9","3","0.9",,,,
"281.129","0","0","0",,,,,,,"-0.25","0","-0.1",
"281.179","0","0","0","3000","1421","475","3.9","2.99","0.9",,,,
"281.18","0","0","0",,,,,,,"-0.25","0","-0.1",
"281.23","0","0","0","3000","1398","474","3.9","2.95","0.9",,,,
"281.231","0","0","0",,,,,,,"-0.25","0","-0.1",
"281.281","0","0","0","3000","1382","465","3.9","2.97","0.9",,,,
"281.282","0","0","0",,,,,,,"-0.25","0","-0.1",
"281.332","0","0","0","3000","1408","464","3.9","3.03","0.9",,,,
"281.333","0","0","0",,,,,,,"-0.25","0","-0.1",
"281.383","0","0","0","3000","1414","473","3.9","2.99","0.9",,,,
"281.384","0","0","0",,,,,,,"-0.25","0","-0.1",
"281.434","0","0","0","3000","1416","471","3.9","3.01","0.9",,,,
"281.435","0","0","0",,,,,,,"-0.25","0","-0.1",
"281.485","0","0","0","3000","1417","476","3.9","2.98","0.9",,,,
"281.486","0","0","0",,,,,,,"-0.25","0","-0.1",
"281.536","0","0","0","3000","1417","472","3.9","3","0.9",,,,
"281.537","0","0","0",,,,,,,"-0.25","0","-0.1",
"281.587","0","0","0","3000","1424","476","3.9","2.99","0.9",,,,
"281.588","0","0","0",,,,,,,"-0.25","0","-0.1",
"281.638","0","0","0","3000","1415","475","3.9","2.98","0.9",,,,
"281.639","0","0","0",,,,,,,"-0.25","0","-0.1",
"281.689","0","0","0","3000","1400","470","3.9","2.98","0.9",,,,
"281.69","0","0","0",,,,,,,"-0.25","0","-0.1",
"281.74","0","0","0","3000","1410","470","3.9","3","0.9",,,,
"281.741","0","0","0",,,,,,,"-0.25","0","-0.1",
"281.791","0","0","0","3000","1419","472","3.9","3","0.9",,,,
"281.792","0","0","0",,,,,,,"-0.25","0","-0.1",
"281.842","0","0","0","3000","1423","475","3.9","2.99","0.9",,,,
"281.843","0","0","0",,,,,,,"-0.25","0","-0.1",
"281.893","0","0","0","3000","1418","474","3.9","2.99","0.9",,,,
"281.894","0","0","0",,,,,,,"-0.25","0","-0.1",
"281.944","0","0","0","3000","1409","470","3.9","3","0.9",,,,
"281.945","0","0","0",,,,,,,"-0.25","0","-0.1",
"281.995","0","0","0","3000","1415","475","3.9","2.98","0.9",,,,
"281.996","0","0","0",,,,,,,"-0.25","0","-0.1",
"282.046","0","0","0","3000","1423","475","3.9","2.99","0.9",,,,
"282.047","0","0","0",,,,,,,"-0.25","0","-0.1",
"282.097","0","0","0","3000","1440","478","3.9","3.01","0.9",,,,
"282.098","0","0","0",,,,,,,"-0.25","0","-0.1",
"282.148","0","0","0","3000","1446","483","3.9","2.99","0.9",,,,
"282.149","0","0","0",,,,,,,"-0.25","0","-0.1",
"282.199","0","0","0","3000","1451","481","3.9","3.02","0.9",,,,
"282.2","0","0","0",,,,,,,"-0.25","0","-0.1",
"282.25","0","0","0","3000","1451","486","3.9","2.98","0.9",,,,
"282.251","0","0","0",,,,,,,"-0.25","0","-0.1",
"282.301","0","0","0","3000","1891","483","3.9","3.92","0.9",,,,
"282.302","0","0","0",,,,,,,"-0.25","0","-0.1",
"282.352","0","0","0","3000","1966","486","3.9","4.04","0.9",,,,
"282.353","0","0","0",,,,,,,"-0.25","0","-0.1",
"282.403","0","0","0","3000","1466","492","3.9","2.98","0.9",,,,
"282.404","0","0","0",,,,,,,"-0.25","0","-0.1",
"282.454","0","0","0","3000","1462","486","3.9","3.01","0.9",,,,
"282.455","0","0","0",,,,,,,"-0.25","0","-0.1",
"282.505","0","0","0","3000","1458","488","3.9","2.99","0.9",,,,
"282.506","0","0","0",,,,,,,"-0.25","0","-0.1",
"282.556","0","0","0","3000","1463","489","3.9","2.99","0.9",,,,
"282.557","0","0","0",,,,,,,"-0.25","0","-0.1",
"282.607","0","0","0","3000","1473","487","3.9","3.02","0.9",,,,
"282.608","0","0","0",,,,,,,"-0.25","0","-0.1",
"282.658","0","0","0","3000","1473","492","3.9","2.99","0.9",,,,
"282.659","0","0","0",,,,,,,"-0.25","0","-0.1",
"282.709","0","0","0","3000","1474","488","3.9","3.02","0.9",,,,
"282.71","0","0","0",,,,,,,"-0.25","0","-0.1",
"282.76","0","0","0","3000","1474","490","3.9","3.01","0.9",,,,
"282.761","0","0","0",,,,,,,"-0.25","0","-0.1",
"282.811","0","0","0","3000","1459","491","3.9","2.97","0.9",,,,
"282.812","0","0","0",,,,,,,"-0.25","0","-0.1",
"282.862","0","0","0","3000","1446","481","3.9","3.01","0.9",,,,
"282.863","0","0","0",,,,,,,"-0.25","0","-0.1",
"282.913","0","0","0","3000","1439","482","3.9","2.99","0.9",,,,
"282.914","0","0","0",,,,,,,"-0.25","0","-0.1",
"282.964","0","0","0","3000","1429","478","3.9","2.99","0.9",,,,
"282.965","0","0","0",,,,,,,"-0.25","0","-0.1",
"283.015","0","0","0","3000","1417","473","3.9","3","0.9",,,,
"283.016","0","0","0",,,,,,,"-0.25","0","-0.1",
"283.066","0","0","0","3000","1424","473","3.9","3.01","0.9",,,,
"283.067","0","0","0",,,,,,,"-0.25","0","-0.1",
"283.117","0","0","0","3000","1431","472","3.9","3.03","0.9",,,,
"283.118","0","0","0",,,,,,,"-0.25","0","-0.1",
"283.168","0","0","0","3000","1433","477","3.9","3.01","0.9",,,,
"283.169","0","0","0",,,,,,,"-0.25","0","-0.1",
"283.219","0","0","0","3000","1431","477","3.9","3","0.9",,,,
"283.22","0","0","0",,,,,,,"-0.25","0","-0.1",
"283.27","0","0","0","3000","1425","473","3.9","3.01","0.9",,,,
"283.271","0","0","0",,,,,,,"-0.25","0","-0.1",
"283.321","0","0","0","3000","1426","478","3.9","2.98","0.9",,,,
"283.322","0","0","0",,,,,,,"-0.25","0","-0.1",
"283.372","0","0","0","3000","1426","472","3.9","3.02","0.9",,,,
"283.373","0","0","0",,,,,,,"-0.25","0","-0.1",
"283.423","0","0","0","3000","1417","472","3.9","3","0.9",,,,
"283.424","0","0","0",,,,,,,"-0.25","0","-0.1",
"283.474","0","0","0","3000","1416","476","3.9","2.98","0.9",,,,
"283.475","0","0","0",,,,,,,"-0.25","0","-0.1",
"283.525","0","0","0","3000","1418","471","3.9","3.01","0.9",,,,
"283.526","0","0","0",,,,,,,"-0.25","0","-0.1",
"283.576","0","0","0","3000","1418","474","3.9","2.99","0.9",,,,
"283.577","0","0","0",,,,,,,"-0.25","0","-0.1",
"283.627","0","0","0","3000","1419","468","3.9","3.03","0.9",,,,
"283.628","0","0","0",,,,,,,"-0.25","0","-0.1",
"283.678","0","0","0","3000","1430","474","3.9","3.02","0.9",,,,
"283.679","0","0","0",,,,,,,"-0.25","0","-0.1",
"283.729","0","0","0","3000","1427","479","3.9","2.98","0.9",,,,
"283.73","0","0","0",,,,,,,"-0.25","0","-0.1",
"283.78","0","0","0","3000","1418","473","3.9","3","0.9",,,,
"283.781","0","0","0",,,,,,,"-0.25","0","-0.1",
"283.831","0","0","0","3000","1416","472","3.9","3","0.9",,,,
"283.832","0","0","0",,,,,,,"-0.25","0","-0.1",
"283.882","0","0","0","3000","1418","468","3.9","3.03","0.9",,,,
"283.883","0","0","0",,,,,,,"-0.25","0","-0.1",
"283.933","0","0","0","3000","1422","472","3.9","3.01","0.9",,,,
"283.934","0","0","0",,,,,,,"-0.25","0","-0.1",
"283.984","0","0","0","3000","1421","476","3.9","2.98","0.9",,,,
"283.985","0","0","0",,,,,,,"-0.25","0","-0.1",
"284.035","0","0","0","3000","1417","469","3.9","3.02","0.9",,,,
"284.036","0","0","0",,,,,,,"-0.25","0","-0.1",
"284.086","0","0","0","3000","1419","476","3.9","2.98","0.9",,,,
"284.087","0","0","0",,,,,,,"-0.25","0","-0.1",
"284.137","0","0","0","3000","1427","471","3.9","3.03","0.9",,,,
"284.138","0","0","0",,,,,,,"-0.25","0","-0.1",
"284.188","0","0","0","3000","1437","475","3.9","3.02","0.9",,,,
"284.189","0","0","0",,,,,,,"-0.25","0","-0.1",
"284.239","0","0","0","3000","1440","481","3.9","2.99","0.9",,,,
"284.24","0","0","0",,,,,,,"-0.25","0","-0.1",
"284.29","0","0","0","3000","1444","478","3.9","3.02","0.9",,,,
"284.291","0","0","0",,,,,,,"-0.25","0","-0.1",
"284.341","0","0","0","3000","1448","484","3.9","2.99","0.9",,,,
"284.342","0","0","0",,,,,,,"-0.25","0","-0.1",
"284.392","0","0","0","3000","1451","484","3.9","3","0.9",,,,
"284.393","0","0","0",,,,,,,"-0.25","0","-0.1",
"284.443","0","0","0","3000","1450","481","3.9","3.01","0.9",,,,
"284.444","0","0","0",,,,,,,"-0.25","0","-0.1",
"284.494","0","0","0","3000","1445","487","3.9","2.97","0.9",,,,
"284.495","0","0","0",,,,,,,"-0.25","0","-0.1",
"284.545","0","0","0","3000","1444","484","3.9","2.98","0.9",,,,
"284.546","0","0","0",,,,,,,"-0.25","0","-0.1",
"284.596","0","0","0","3000","1456","484","3.9","3.01","0.9",,,,
"284.597","0","0","0",,,,,,,"-0.25","0","-0.1",
"284.647","0","0","0","3000","1451","487","3.9","2.98","0.9",,,,
"284.648","0","0","0",,,,,,,"-0.25","0","-0.1",
"284.698","0","0","0","3000","1439","482","3.9","2.98","0.9",,,,
"284.699","0","0","0",,,,,,,"-0.25","0","-0.1",
"284.749","0","0","0","3000","1442","484","3.9","2.98","0.9",,,,
"284.75","0","0","0",,,,,,,"-0.25","0","-0.1",
"284.8","0","0","0","3000","1442","480","3.9","3.01","0.9",,,,
"284.801","0","0","0",,,,,,,"-0.25","0","-0.1",
"284.851","0","0","0","3000","1436","482","3.9","2.98","0.9",,,,
"284.852","0","0","0",,,,,,,"-0.25","0","-0.1",
"284.902","0","0","0","3000","1430","480","3.9","2.98","0.9",,,,
"284.903","0","0","0",,,,,,,"-0.25","0","-0.1",
"284.953","0","0","0","3000","1428","474","3.9","3.01","0.9",,,,
"284.954","0","0","0",,,,,,,"-0.25","0","-0.1",
"285.004","0","0","0","3000","1441","479","3.9","3.01","0.9",,,,
"285.005","0","0","0",,,,,,,"-0.25","0","-0.1",
"285.055","0","0","0","3000","1450","484","3.9","2.99","0.9",,,,
"285.056","0","0","0",,,,,,,"-0.25","0","-0.1",
"285.106","0","0","0","3000","1448","485","3.9","2.98","0.9",,,,
"285.107","0","0","0",,,,,,,"-0.25","0","-0.1",
"285.157","0","0","0","3000","1453","484","3.9","3","0.9",,,,
"285.158","0","0","0",,,,,,,"-0.25","0","-0.1",
"285.208","0","0","0","3000","1455","482","3.9","3.02","0.9",,,,
"285.209","0","0","0",,,,,,,"-0.25","0","-0.1",
"285.259","0","0","0","3000","1451","489","3.9","2.97","0.9",,,,
"285.26","0","0","0",,,,,,,"-0.25","0","-0.1",
"285.31","0","0","0","3000","1444","484","3.9","2.98",,,,,
"285.311","0","0","0",,,,,,"0.9","-0.25","0","-0.1",
"285.361","0","0","0","3000","1434","474","3.9","3.03","0.9",,,,
"285.362","0","0","0",,,,,,,"-0.25","0","-0.1",
"285.412","0","0","0","3000","1436","479","3.9","3","0.9",,,,
"285.413","0","0","0",,,,,,,"-0.25","0","-0.1",
"285.463","0","0","0","3000","1438","478","3.9","3.01","0.9",,,,
"285.464","0","0","0",,,,,,,"-0.25","0","-0.1",
"285.514","0","0","0","3000","1435","476","3.9","3.01","0.9",,,,
"285.515","0","0","0",,,,,,,"-0.25","0","-0.1",
"285.565","0","0","0","3000","1446","479","3.9","3.02","0.9",,,,
"285.566","0","0","0",,,,,,,"-0.25","0","-0.1",
"285.616","0","0","0","3000","1468","483","3.9","3.04","0.9",,,,
"285.617","0","0","0",,,,,,,"-0.25","0","-0.1",
"285.667","0","0","0","3000","1476","491","3.9","3.01","0.9",,,,
"285.668","0","0","0",,,,,,,"-0.25","0","-0.1",
"285.718","0","0","0","3000","1475","492","3.9","3","0.9",,,,
"285.719","0","0","0",,,,,,,"-0.25","0","-0.1",
"285.769","0","0","0","3000","1464","487","3.9","3.01","0.9",,,,
"285.77","0","0","0",,,,,,,"-0.25","0","-0.1",
"285.82","0","0","0","3000","1473","492","3.9","2.99","0.9",,,,
"285.821","0","0","0",,,,,,,"-0.25","0","-0.1",
"285.871","0","0","0","3000","1477","489","3.9","3.02","0.9",,,,
"285.872","0","0","0",,,,,,,"-0.25","0","-0.1",
"285.922","0","0","0","3000","1450","485","3.9","2.99","0.9",,,,
"285.923","0","0","0",,,,,,,"-0.25","0","-0.1",
"285.973","0","0","0","3000","1454","482","3.9","3.02","0.9",,,,
"285.974","0","0","0",,,,,,,"-0.25","0","-0.1",
"286.024","0","0","0","3000","1467","485","3.9","3.02","0.9",,,,
"286.025","0","0","0",,,,,,,"-0.25","0","-0.1",
"286.075","0","0","0","3000","1462","490","3.9","2.99","0.9",,,,
"286.076","0","0","0",,,,,,,"-0.25","0","-0.1",
"286.126","0","0","0","3000","1441","482","3.9","2.99","0.9",,,,
"286.127","0","0","0",,,,,,,"-0.25","0","-0.1",
"286.177","0","0","0","3000","1418","477","3.9","2.97","0.9",,,,
"286.178","0","0","0",,,,,,,"-0.25","0","-0.1",
"286.228","0","0","0","3000","1416","474","3.9","2.99","0.9",,,,
"286.229","0","0","0",,,,,,,"-0.25","0","-0.1",
"286.279","0","0","0","3000","1420","470","3.9","3.02","0.9",,,,
"286.28","0","0","0",,,,,,,"-0.25","0","-0.1",
"286.33","0","0","0","3000","1420","473","3.9","3","0.9",,,,
"286.331","0","0","0",,,,,,,"-0.25","0","-0.1",
"286.381","0","0","0","3000","1419","471","3.9","3.02","0.9",,,,
"286.382","0","0","0",,,,,,,"-0.25","0","-0.1",
"286.432","0","0","0","3000","1418","471","3.9","3.01","0.9",,,,
"286.433","0","0","0",,,,,,,"-0.25","0","-0.1",
"286.483","0","0","0","3000","1422","476","3.9","2.99","0.9",,,,
"286.484","0","0","0",,,,,,,"-0.25","0","-0.1",
"286.534","0","0","0","3000","1424","470","3.9","3.03","0.9",,,,
"286.535","0","0","0",,,,,,,"-0.25","0","-0.1",
"286.585","0","0","0","3000","1421","477","3.9","2.98","0.9",,,,
"286.586","0","0","0",,,,,,,"-0.25","0","-0.1",
"286.636","0","0","0","3000","1419","476","3.9","2.98","0.9",,,,
"286.637","0","0","0",,,,,,,"-0.25","0","-0.1",
"286.687","0","0","0","3000","1419","470","3.9","3.02","0.9",,,,
"286.688","0","0","0",,,,,,,"-0.25","0","-0.1",
"286.738","0","0","0","3000","1406","472","3.9","2.98","0.9",,,,
"286.739","0","0","0",,,,,,,"-0.25","0","-0.1",
"286.789","0","0","0","3000","1396","467","3.9","2.99","0.9",,,,
"286.79","0","0","0",,,,,,,"-0.25","0","-0.1",
"286.84","0","0","0","3000","1398","467","3.9","2.99","0.9",,,,
"286.841","0","0","0",,,,,,,"-0.25","0","-0.1",
"286.891","0","0","0","3000","1397","462","3.9","3.02","0.9",,,,
"286.892","0","0","0",,,,,,,"-0.25","0","-0.1",
"286.942","0","0","0","3000","1394","462","3.9","3.02","0.9",,,,
"286.943","0","0","0",,,,,,,"-0.25","0","-0.1",
"286.993","0","0","0","3000","1387","468","3.9","2.96","0.9",,,,
"286.994","0","0","0",,,,,,,"-0.25","0","-0.1",
"287.044","0","0","0","3000","1379","460","3.9","3","0.9",,,,
"287.045","0","0","0",,,,,,,"-0.25","0","-0.1",
"287.095","0","0","0","3000","1396","463","3.9","3.01","0.9",,,,
"287.096","0","0","0",,,,,,,"-0.25","0","-0.1",
"287.146","0","0","0","3000","1411","461","3.9","3.06",,,,,
"287.147","0","0","0",,,,,,"0.9","-0.25","0","-0.1",
"287.197","0","0","0","3000","1414","469","3.9","3.01","0.9",,,,
"287.198","0","0","0",,,,,,,"-0.25","0","-0.1",
"287.248","0","0","0","3000","1421","479","3.9","2.97","0.9",,,,
"287.249","0","0","0",,,,,,,"-0.25","0","-0.1",
"287.299","0","0","0","3000","1434","473","3.9","3.03","0.9",,,,
"287.3","0","0","0",,,,,,,"-0.25","0","-0.1",
"287.35","0","0","0","3000","1439","482","3.9","2.99","0.9",,,,
"287.351","0","0","0",,,,,,,"-0.25","0","-0.1",
"287.401","0","0","0","3000","1450","478","3.9","3.04","0.9",,,,
"287.402","0","0","0",,,,,,,"-0.25","0","-0.1",
"287.452","0","0","0","3000","1458","484","3.9","3.02","0.9",,,,
"287.453","0","0","0",,,,,,,"-0.25","0","-0.1",
"287.503","0","0","0","3000","1460","488","3.9","2.99","0.9",,,,
"287.504","0","0","0",,,,,,,"-0.25","0","-0.1",
"287.554","0","0","0","3000","1458","484","3.9","3.01","0.9",,,,
"287.555","0","0","0",,,,,,,"-0.25","0","-0.1",
"287.605","0","0","0","3000","1446","485","3.9","2.98","0.9",,,,
"287.606","0","0","0",,,,,,,"-0.25","0","-0.1",
"287.656","0","0","0","3000","1444","482","3.9","2.99","0.9",,,,
"287.657","0","0","0",,,,,,,"-0.25","0","-0.1",
"287.707","0","0","0","3000","1444","478","3.9","3.02","0.9",,,,
"287.708","0","0","0",,,,,,,"-0.25","0","-0.1",
"287.758","0","0","0","3000","1442","485","3.9","2.97","0.9",,,,
"287.759","0","0","0",,,,,,,"-0.25","0","-0.1",
"287.809","0","0","0","3000","1439","481","3.9","2.99","0.9",,,,
"287.81","0","0","0",,,,,,,"-0.25","0","-0.1",
"287.86","0","0","0","3000","1433","479","3.9","2.99","0.9",,,,
"287.861","0","0","0",,,,,,,"-0.25","0","-0.1",
"287.911","0","0","0","3000","1434","479","3.9","2.99","0.9",,,,
"287.912","0","0","0",,,,,,,"-0.25","0","-0.1",
"287.962","0","0","0","3000","1440","478","3.9","3.01","0.9",,,,
"287.963","0","0","0",,,,,,,"-0.25","0","-0.1",
"288.013","0","0","0","3000","1447","483","3.9","2.99","0.9",,,,
"288.014","0","0","0",,,,,,,"-0.25","0","-0.1",
"288.064","0","0","0","3000","1461","484","3.9","3.02","0.9",,,,
"288.065","0","0","0",,,,,,,"-0.25","0","-0.1",
"288.115","0","0","0","3000","1472","487","3.9","3.02","0.9",,,,
"288.116","0","0","0",,,,,,,"-0.25","0","-0.1",
"288.166","0","0","0","3000","1482","495","3.9","2.99","0.9",,,,
"288.167","0","0","0",,,,,,,"-0.25","0","-0.1",
"288.217","0","0","0","3000","1489","494","3.9","3.01","0.9",,,,
"288.218","0","0","0",,,,,,,"-0.25","0","-0.1",
"288.268","0","0","0","3000","1500","495","3.9","3.03","0.9",,,,
"288.269","0","0","0",,,,,,,"-0.25","0","-0.1",
"288.319","0","0","0","3000","1480","498","3.9","2.97","0.9",,,,
"288.32","0","0","0",,,,,,,"-0.25","0","-0.1",
"288.37","0","0","0","3000","1441","484","3.9","2.98","0.9",,,,
"288.371","0","0","0",,,,,,,"-0.25","0","-0.1",
"288.421","0","0","0","3000","1453","485","3.9","3","0.9",,,,
"288.422","0","0","0",,,,,,,"-0.25","0","-0.1",
"288.472","0","0","0","3000","1459","482","3.9","3.03","0.9",,,,
"288.473","0","0","0",,,,,,,"-0.25","0","-0.1",
"288.523","0","0","0","3000","1452","484","3.9","3","0.9",,,,
"288.524","0","0","0",,,,,,,"-0.25","0","-0.1",
"288.574","0","0","0","3000","1461","486","3.9","3.01","0.9",,,,
"288.575","0","0","0",,,,,,,"-0.25","0","-0.1",
"288.625","0","0","0","3000","1468","483","3.9","3.04","0.9",,,,
"288.626","0","0","0",,,,,,,"-0.25","0","-0.1",
"288.676","0","0","0","3000","1470","489","3.9","3.01","0.9",,,,
"288.677","0","0","0",,,,,,,"-0.25","0","-0.1",
"288.727","0","0","0","3000","1477","490","3.9","3.02","0.9",,,,
"288.728","0","0","0",,,,,,,"-0.25","0","-0.1",
"288.778","0","0","0","3000","1486","492","3.9","3.02","0.9",,,,
"288.779","0","0","0",,,,,,,"-0.25","0","-0.1",
"288.829","0","0","0","3000","1469","490","3.9","3","0.9",,,,
"288.83","0","0","0",,,,,,,"-0.25","0","-0.1",
"288.88","0","0","0","3000","1458","486","3.9","3","0.9",,,,
"288.881","0","0","0",,,,,,,"-0.25","0","-0.1",
"288.931","0","0","0","3000","1462","485","3.9","3.02","0.9",,,,
"288.932","0","0","0",,,,,,,"-0.25","0","-0.1",
"288.982","0","0","0","3000","1455","488","3.9","2.98","0.9",,,,
"288.983","0","0","0",,,,,,,"-0.25","0","-0.1",
"289.033","0","0","0","3000","1448","480","3.9","3.02","0.9",,,,
"289.034","0","0","0",,,,,,,"-0.25","0","-0.1",
"289.084","0","0","0","3000","1445","484","3.9","2.99","0.9",,,,
"289.085","0","0","0",,,,,,,"-0.25","0","-0.1",
"289.135","0","0","0","3000","1450","485","3.9","2.99","0.9",,,,
"289.136","0","0","0",,,,,,,"-0.25","0","-0.1",
"289.186","0","0","0","3000","1457","481","3.9","3.03","0.9",,,,
"289.187","0","0","0",,,,,,,"-0.25","0","-0.1",
"289.237","0","0","0","3000","1452","486","3.9","2.99","0.9",,,,
"289.238","0","0","0",,,,,,,"-0.25","0","-0.1",
"289.288","0","0","0","3000","1452","485","3.9","2.99","0.9",,,,
"289.289","0","0","0",,,,,,,"-0.25","0","-0.1",
"289.339","0","0","0","3000","1457","484","3.9","3.01","0.9",,,,
"289.34","0","0","0",,,,,,,"-0.25","0","-0.1",
"289.39","0","0","0","3000","1454","484","3.9","3.01","0.9",,,,
"289.391","0","0","0",,,,,,,"-0.25","0","-0.1",
"289.441","0","0","0","3000","1446","480","3.9","3.01","0.9",,,,
"289.442","0","0","0",,,,,,,"-0.25","0","-0.1",
"289.492","0","0","0","3000","1446","485","3.9","2.98","0.9",,,,
"289.493","0","0","0",,,,,,,"-0.25","0","-0.1",
"289.543","0","0","0","3000","1458","485","3.9","3","0.9",,,,
"289.544","0","0","0",,,,,,,"-0.25","0","-0.1",
"289.594","0","0","0","3000","1472","484","3.9","3.04","0.9",,,,
"289.595","0","0","0",,,,,,,"-0.25","0","-0.1",
"289.645","0","0","0","3000","1450","490","3.9","2.96","0.9",,,,
"289.646","0","0","0",,,,,,,"-0.25","0","-0.1",
"289.696","0","0","0","3000","1433","480","3.9","2.99",,,,,
"289.697","0","0","0",,,,,,"0.9","-0.25","0","-0.1",
"289.747","0","0","0","3000","1444","481","3.9","3","0.9",,,,
"289.748","0","0","0",,,,,,,"-0.25","0","-0.1",
"289.798","0","0","0","3000","1449","482","3.9","3.01","0.9",,,,
"289.799","0","0","0",,,,,,,"-0.25","0","-0.1",
"289.849","0","0","0","3000","1451","480","3.9","3.02","0.9",,,,
"289.85","0","0","0",,,,,,,"-0.25","0","-0.1",
"289.9","0","0","0","3000","1438","484","3.9","2.97","0.9",,,,
"289.901","0","0","0",,,,,,,"-0.25","0","-0.1",
"289.951","0","0","0","3000","1428","474","3.9","3.01","0.9",,,,
"289.952","0","0","0",,,,,,,"-0.25","0","-0.1",
"290.002","0","0","0","3000","1434","477","3.9","3.01","0.9",,,,
"290.003","0","0","0",,,,,,,"-0.25","0","-0.1",
"290.053","0","0","0","3000","1434","478","3.9","3","0.9",,,,
"290.054","0","0","0",,,,,,,"-0.25","0","-0.1",
"290.104","0","0","0","3000","1433","474","3.9","3.02","0.9",,,,
"290.105","0","0","0",,,,,,,"-0.25","0","-0.1",
"290.155","0","0","0","3000","1432","477","3.9","3","0.9",,,,
"290.156","0","0","0",,,,,,,"-0.25","0","-0.1",
"290.206","0","0","0","3000","1436","478","3.9","3.01","0.9",,,,
"290.207","0","0","0",,,,,,,"-0.25","0","-0.1",
"290.257","0","0","0","3000","1442","477","3.9","3.02","0.9",,,,
"290.258","0","0","0",,,,,,,"-0.25","0","-0.1",
"290.308","0","0","0","3000","1446","483","3.9","3","0.9",,,,
"290.309","0","0","0",,,,,,,"-0.25","0","-0.1",
"290.359","0","0","0","3000","1447","477","3.9","3.03","0.9",,,,
"290.36","0","0","0",,,,,,,"-0.25","0","-0.1",
"290.41","0","0","0","3000","1444","484","3.9","2.98","0.9",,,,
"290.411","0","0","0",,,,,,,"-0.25","0","-0.1",
"290.461","0","0","0","3000","1442","480","3.9","3","0.9",,,,
"290.462","0","0","0",,,,,,,"-0.25","0","-0.1",
"290.512","0","0","0","3000","1441","476","3.9","3.03","0.9",,,,
"290.513","0","0","0",,,,,,,"-0.25","0","-0.1",
"290.563","0","0","0","3000","1456","481","3.9","3.03","0.9",,,,
"290.564","0","0","0",,,,,,,"-0.25","0","-0.1",
"290.614","0","0","0","3000","1466","484","3.9","3.03","0.9",,,,
"290.615","0","0","0",,,,,,,"-0.25","0","-0.1",
"290.665","0","0","0","3000","1466","486","3.9","3.01","0.9",,,,
"290.666","0","0","0",,,,,,,"-0.25","0","-0.1",
"290.716","0","0","0","3000","1474","489","3.9","3.01","0.9",,,,
"290.717","0","0","0",,,,,,,"-0.25","0","-0.1",
"290.767","0","0","0","3000","1485","490","3.9","3.03","0.9",,,,
"290.768","0","0","0",,,,,,,"-0.25","0","-0.1",
"290.818","0","0","0","3000","1474","491","3.9","3","0.9",,,,
"290.819","0","0","0",,,,,,,"-0.25","0","-0.1",
"290.869","0","0","0","3000","1465","488","3.9","3","0.9",,,,
"290.87","0","0","0",,,,,,,"-0.25","0","-0.1",
"290.92","0","0","0","3000","1465","483","3.9","3.03","0.9",,,,
"290.921","0","0","0",,,,,,,"-0.25","0","-0.1",
"290.971","0","0","0","3000","1471","492","3.9","2.99","0.9",,,,
"290.972","0","0","0",,,,,,,"-0.25","0","-0.1",
"291.022","0","0","0","3000","1473","488","3.9","3.02","0.9",,,,
"291.023","0","0","0",,,,,,,"-0.25","0","-0.1",
"291.073","0","0","0","3000","1461","487","3.9","3","0.9",,,,
"291.074","0","0","0",,,,,,,"-0.25","0","-0.1",
"291.124","0","0","0","3000","1455","486","3.9","3","0.9",,,,
"291.125","0","0","0",,,,,,,"-0.25","0","-0.1",
"291.175","0","0","0","3000","1448","482","3.9","3","0.9",,,,
"291.176","0","0","0",,,,,,,"-0.25","0","-0.1",
"291.226","0","0","0","3000","1453","486","3.9","2.99","0.9",,,,
"291.227","0","0","0",,,,,,,"-0.25","0","-0.1",
"291.277","0","0","0","3000","1450","483","3.9","3","0.9",,,,
"291.278","0","0","0",,,,,,,"-0.25","0","-0.1",
"291.328","0","0","0","3000","1440","479","3.9","3.01","0.9",,,,
"291.329","0","0","0",,,,,,,"-0.25","0","-0.1",
"291.379","0","0","0","3000","1456","486","3.9","2.99","0.9",,,,
"291.38","0","0","0",,,,,,,"-0.25","0","-0.1",
"291.43","0","0","0","3000","1467","489","3.9","3","0.9",,,,
"291.431","0","0","0",,,,,,,"-0.25","0","-0.1",
"291.481","0","0","0","3000","1464","489","3.9","2.99","0.9",,,,
"291.482","0","0","0",,,,,,,"-0.25","0","-0.1",
"291.532","0","0","0","3000","1465","491","3.9","2.98","0.9",,,,
"291.533","0","0","0",,,,,,,"-0.25","0","-0.1",
"291.583","0","0","0","3000","1468","488","3.9","3.01","0.9",,,,
"291.584","0","0","0",,,,,,,"-0.25","0","-0.1",
"291.634","0","0","0","3000","1466","492","3.9","2.98","0.9",,,,
"291.635","0","0","0",,,,,,,"-0.25","0","-0.1",
"291.685","0","0","0","3000","1462","486","3.9","3.01","0.9",,,,
"291.686","0","0","0",,,,,,,"-0.25","0","-0.1",
"291.736","0","0","0","3000","1460","489","3.9","2.98","0.9",,,,
"291.737","0","0","0",,,,,,,"-0.25","0","-0.1",
"291.787","0","0","0","3000","1464","489","3.9","3","0.9",,,,
"291.788","0","0","0",,,,,,,"-0.25","0","-0.1",
"291.838","0","0","0","3000","1465","485","3.9","3.02","0.9",,,,
"291.839","0","0","0",,,,,,,"-0.25","0","-0.1",
"291.889","0","0","0","3000","1453","487","3.9","2.98","0.9",,,,
"291.89","0","0","0",,,,,,,"-0.25","0","-0.1",
"291.94","0","0","0","3000","1449","485","3.9","2.99","0.9",,,,
"291.941","0","0","0",,,,,,,"-0.25","0","-0.1",
"291.991","0","0","0","3000","1458","481","3.9","3.03","0.9",,,,
"291.992","0","0","0",,,,,,,"-0.25","0","-0.1",
"292.042","0","0","0","3000","1435","483","3.9","2.97","0.9",,,,
"292.043","0","0","0",,,,,,,"-0.25","0","-0.1",
"292.093","0","0","0","3000","1420","475","3.9","2.99","0.9",,,,
"292.094","0","0","0",,,,,,,"-0.25","0","-0.1",
"292.144","0","0","0","3000","1429","472","3.9","3.03","0.9",,,,
"292.145","0","0","0",,,,,,,"-0.25","0","-0.1",
"292.195","0","0","0","3000","1417","474","3.9","2.99","0.9",,,,
"292.196","0","0","0",,,,,,,"-0.25","0","-0.1",
"292.246","0","0","0","3000","1395","462","3.9","3.02","0.9",,,,
"292.247","0","0","0",,,,,,,"-0.25","0","-0.1",
"292.297","0","0","0","3000","1413","469","3.9","3.01","0.9",,,,
"292.298","0","0","0",,,,,,,"-0.25","0","-0.1",
"292.348","0","0","0","3000","1429","471","3.9","3.03","0.9",,,,
"292.349","0","0","0",,,,,,,"-0.25","0","-0.1",
"292.399","0","0","0","3000","1435","475","3.9","3.02","0.9",,,,
"292.4","0","0","0",,,,,,,"-0.25","0","-0.1",
"292.45","0","0","0","3000","1439","476","3.9","3.02","0.9",,,,
"292.451","0","0","0",,,,,,,"-0.25","0","-0.1",
"292.501","0","0","0","3000","1447","478","3.9","3.03","0.9",,,,
"292.502","0","0","0",,,,,,,"-0.25","0","-0.1",
"292.552","0","0","0","3000","1445","483","3.9","2.99","0.9",,,,
"292.553","0","0","0",,,,,,,"-0.25","0","-0.1",
"292.603","0","0","0","3000","1443","479","3.9","3.01","0.9",,,,
"292.604","0","0","0",,,,,,,"-0.25","0","-0.1",
"292.654","0","0","0","3000","1440","477","3.9","3.02","0.9",,,,
"292.655","0","0","0",,,,,,,"-0.25","0","-0.1",
"292.705","0","0","0","3000","1441","483","3.9","2.99","0.9",,,,
"292.706","0","0","0",,,,,,,"-0.25","0","-0.1",
"292.756","0","0","0","3000","1446","478","3.9","3.02","0.9",,,,
"292.757","0","0","0",,,,,,,"-0.25","0","-0.1",
"292.807","0","0","0","3000","1456","481","3.9","3.03","0.9",,,,
"292.808","0","0","0",,,,,,,"-0.25","0","-0.1",
"292.858","0","0","0","3000","1457","482","3.9","3.02","0.9",,,,
"292.859","0","0","0",,,,,,,"-0.25","0","-0.1",
"292.909","0","0","0","3000","1447","482","3.9","3","0.9",,,,
"292.91","0","0","0",,,,,,,"-0.25","0","-0.1",
"292.96","0","0","0","3000","1461","486","3.9","3.01","0.9",,,,
"292.961","0","0","0",,,,,,,"-0.25","0","-0.1",
"293.011","0","0","0","3000","1472","482","3.9","3.05","0.9",,,,
"293.012","0","0","0",,,,,,,"-0.25","0","-0.1",
"293.062","0","0","0","3000","1482","491","3.9","3.02","0.9",,,,
"293.063","0","0","0",,,,,,,"-0.25","0","-0.1",
"293.113","0","0","0","3000","1478","495","3.9","2.98","0.9",,,,
"293.114","0","0","0",,,,,,,"-0.25","0","-0.1",
"293.164","0","0","0","3000","1464","490","3.9","2.99","0.9",,,,
"293.165","0","0","0",,,,,,,"-0.25","0","-0.1",
"293.215","0","0","0","3000","1454","485","3.9","3","0.9",,,,
"293.216","0","0","0",,,,,,,"-0.25","0","-0.1",
"293.266","0","0","0","3000","1439","483","3.9","2.98","0.9",,,,
"293.267","0","0","0",,,,,,,"-0.25","0","-0.1",
"293.317","0","0","0","3000","1430","478","3.9","2.99","0.9",,,,
"293.318","0","0","0",,,,,,,"-0.25","0","-0.1",
"293.368","0","0","0","3000","1436","480","3.9","2.99","0.9",,,,
"293.369","0","0","0",,,,,,,"-0.25","0","-0.1",
"293.419","0","0","0","3000","1441","475","3.9","3.03","0.9",,,,
"293.42","0","0","0",,,,,,,"-0.25","0","-0.1",
"293.47","0","0","0","3000","1436","481","3.9","2.98","0.9",,,,
"293.471","0","0","0",,,,,,,"-0.25","0","-0.1",
"293.521","0","0","0","3000","1436","481","3.9","2.98","0.9",,,,
"293.522","0","0","0",,,,,,,"-0.25","0","-0.1",
"293.572","0","0","0","3000","1438","477","3.9","3.01","0.9",,,,
"293.573","0","0","0",,,,,,,"-0.25","0","-0.1",
"293.623","0","0","0","3000","1418","479","3.9","2.96","0.9",,,,
"293.624","0","0","0",,,,,,,"-0.25","0","-0.1",
"293.674","0","0","0","3000","1406","472","3.9","2.98","0.9",,,,
"293.675","0","0","0",,,,,,,"-0.25","0","-0.1",
"293.725","0","0","0","3000","1423","472","3.9","3.01","0.9",,,,
"293.726","0","0","0",,,,,,,"-0.25","0","-0.1",
"293.776","0","0","0","3000","1434","476","3.9","3.01","0.9",,,,
"293.777","0","0","0",,,,,,,"-0.25","0","-0.1",
"293.827","0","0","0","3000","1449","477","3.9","3.04","0.9",,,,
"293.828","0","0","0",,,,,,,"-0.25","0","-0.1",
"293.878","0","0","0","3000","1452","488","3.9","2.98","0.9",,,,
"293.879","0","0","0",,,,,,,"-0.25","0","-0.1",
"293.929","0","0","0","3000","1462","487","3.9","3","0.9",,,,
"293.93","0","0","0",,,,,,,"-0.25","0","-0.1",
"293.98","0","0","0","3000","1471","487","3.9","3.02","0.9",,,,
"293.981","0","0","0",,,,,,,"-0.25","0","-0.1",
"294.031","0","0","0","3000","1480","495","3.9","2.99","0.9",,,,
"294.032","0","0","0",,,,,,,"-0.25","0","-0.1",
"294.082","0","0","0","3000","1482","492","3.9","3.01","0.9",,,,
"294.083","0","0","0",,,,,,,"-0.25","0","-0.1",
"294.133","0","0","0","3000","1460","494","3.9","2.95","0.9",,,,
"294.134","0","0","0",,,,,,,"-0.25","0","-0.1",
"294.184","0","0","0","3000","1458","487","3.9","2.99","0.9",,,,
"294.185","0","0","0",,,,,,,"-0.25","0","-0.1",
"294.235","0","0","0","3000","1460","484","3.9","3.01","0.9",,,,
"294.236","0","0","0",,,,,,,"-0.25","0","-0.1",
"294.286","0","0","0","3000","1463","489","3.9","2.99","0.9",,,,
"294.287","0","0","0",,,,,,,"-0.25","0","-0.1",
"294.337","0","0","0","3000","1463","485","3.9","3.02","0.9",,,,
"294.338","0","0","0",,,,,,,"-0.25","0","-0.1",
"294.388","0","0","0","3000","1451","484","3.9","3","0.9",,,,
"294.389","0","0","0",,,,,,,"-0.25","0","-0.1",
"294.439","0","0","0","3000","1439","484","3.9","2.97","0.9",,,,
"294.44","0","0","0",,,,,,,"-0.25","0","-0.1",
"294.49","0","0","0","3000","1424","474","3.9","3","0.9",,,,
"294.491","0","0","0",,,,,,,"-0.25","0","-0.1",
"294.541","0","0","0","3000","1433","476","3.9","3.01","0.9",,,,
"294.542","0","0","0",,,,,,,"-0.25","0","-0.1",
"294.592","0","0","0","3000","1444","479","3.9","3.02","0.9",,,,
"294.593","0","0","0",,,,,,,"-0.25","0","-0.1",
"294.643","0","0","0","3000","1449","480","3.9","3.02","0.9",,,,
"294.644","0","0","0",,,,,,,"-0.25","0","-0.1",
"294.694","0","0","0","3000","1942","485","3.9","4.01","0.9",,,,
"294.695","0","0","0",,,,,,,"-0.25","0","-0.1",
"294.745","0","0","0","3000","1915","478","3.9","4.01","0.9",,,,
"294.746","0","0","0",,,,,,,"-0.25","0","-0.1",
"294.796","0","0","0","3000","1456","484","3.9","3.01","0.9",,,,
"294.797","0","0","0",,,,,,,"-0.25","0","-0.1",
"294.847","0","0","0","3000","1456","483","3.9","3.01","0.9",,,,
"294.848","0","0","0",,,,,,,"-0.25","0","-0.1",
"294.898","0","0","0","3000","1455","482","3.9","3.02","0.9",,,,
"294.899","0","0","0",,,,,,,"-0.25","0","-0.1",
"294.949","0","0","0","3000","1466","488","3.9","3","0.9",,,,
"294.95","0","0","0",,,,,,,"-0.25","0","-0.1",
"295","0","0","0","3000","1466","486","3.9","3.02","0.9",,,,
"295.001","0","0","0",,,,,,,"-0.25","0","-0.1",
"295.051","0","0","0","3000","1455","486","3.9","3","0.9",,,,
"295.052","0","0","0",,,,,,,"-0.25","0","-0.1",
"295.102","0","0","0","3000","1456","486","3.9","2.99","0.9",,,,
"295.103","0","0","0",,,,,,,"-0.25","0","-0.1",
"295.153","0","0","0","3000","1464","484","3.9","3.03","0.9",,,,
"295.154","0","0","0",,,,,,,"-0.25","0","-0.1",
"295.204","0","0","0","3000","1475","493","3.9","2.99",,,,,
"295.205","0","0","0",,,,,,"0.9","-0.25","0","-0.1",
"295.255","0","0","0","3000","1483","497","3.9","2.99","0.9",,,,
"295.256","0","0","0",,,,,,,"-0.25","0","-0.1",
"295.306","0","0","0","3000","1483","490","3.9","3.02","0.9",,,,
"295.307","0","0","0",,,,,,,"-0.25","0","-0.1",
"295.357","0","0","0","3000","1487","499","3.9","2.98","0.9",,,,
"295.358","0","0","0",,,,,,,"-0.25","0","-0.1",
"295.408","0","0","0","3000","1488","498","3.9","2.99","0.9",,,,
"295.409","0","0","0",,,,,,,"-0.25","0","-0.1",
"295.459","0","0","0","3000","1484","497","3.9","2.99","0.9",,,,
"295.46","0","0","0",,,,,,,"-0.25","0","-0.1",
"295.51","0","0","0","3000","1486","496","3.9","3","0.9",,,,
"295.511","0","0","0",,,,,,,"-0.25","0","-0.1",
"295.561","0","0","0","3000","1489","496","3.9","3","0.9",,,,
"295.562","0","0","0",,,,,,,"-0.25","0","-0.1",
"295.612","0","0","0","3000","1497","500","3.9","2.99","0.9",,,,
"295.613","0","0","0",,,,,,,"-0.25","0","-0.1",
"295.663","0","0","0","3000","1496","498","3.9","3.01","0.9",,,,
"295.664","0","0","0",,,,,,,"-0.25","0","-0.1",
"295.714","0","0","0","3000","1493","495","3.9","3.01","0.9",,,,
"295.715","0","0","0",,,,,,,"-0.25","0","-0.1",
"295.765","0","0","0","3000","1499","501","3.9","2.99","0.9",,,,
"295.766","0","0","0",,,,,,,"-0.25","0","-0.1",
"295.816","0","0","0","3000","1500","499","3.9","3.01","0.9",,,,
"295.817","0","0","0",,,,,,,"-0.25","0","-0.1",
"295.867","0","0","0","3000","1494","495","3.9","3.02","0.9",,,,
"295.868","0","0","0",,,,,,,"-0.25","0","-0.1",
"295.918","0","0","0","3000","1486","498","3.9","2.98","0.9",,,,
"295.919","0","0","0",,,,,,,"-0.25","0","-0.1",
"295.969","0","0","0","3000","1482","493","3.9","3.01","0.9",,,,
"295.97","0","0","0",,,,,,,"-0.25","0","-0.1",
"296.02","0","0","0","3000","1479","491","3.9","3.01","0.9",,,,
"296.021","0","0","0",,,,,,,"-0.25","0","-0.1",
"296.071","0","0","0","3000","1480","497","3.9","2.98","0.9",,,,
"296.072","0","0","0",,,,,,,"-0.25","0","-0.1",
"296.122","0","0","0","3000","1484","492","3.9","3.02","0.9",,,,
"296.123","0","0","0",,,,,,,"-0.25","0","-0.1",
"296.173","0","0","0","3000","1498","498","3.9","3.01","0.9",,,,
"296.174","0","0","0",,,,,,,"-0.25","0","-0.1",
"296.224","0","0","0","3000","1492","498","3.9","3","0.9",,,,
"296.225","0","0","0",,,,,,,"-0.25","0","-0.1",
"296.275","0","0","0","3000","1480","494","3.9","3","0.9",,,,
"296.276","0","0","0",,,,,,,"-0.25","0","-0.1",
"296.326","0","0","0","3000","1494","499","3.9","2.99","0.9",,,,
"296.327","0","0","0",,,,,,,"-0.25","0","-0.1",
"296.377","0","0","0","3000","1498","500","3.9","2.99","0.9",,,,
"296.378","0","0","0",,,,,,,"-0.25","0","-0.1",
"296.428","0","0","0","3000","1488","497","3.9","2.99","0.9",,,,
"296.429","0","0","0",,,,,,,"-0.25","0","-0.1",
"296.479","0","0","0","3000","1479","498","3.9","2.97","0.9",,,,
"296.48","0","0","0",,,,,,,"-0.25","0","-0.1",
"296.53","0","0","0","3000","1473","491","3.9","3","0.9",,,,
"296.531","0","0","0",,,,,,,"-0.25","0","-0.1",
"296.581","0","0","0","3000","1461","492","3.9","2.97","0.9",,,,
"296.582","0","0","0",,,,,,,"-0.25","0","-0.1",
"296.632","0","0","0","3000","1464","489","3.9","3","0.9",,,,
"296.633","0","0","0",,,,,,,"-0.25","0","-0.1",
"296.683","0","0","0","3000","1473","488","3.9","3.02","0.9",,,,
"296.684","0","0","0",,,,,,,"-0.25","0","-0.1",
"296.734","0","0","0","3000","1468","494","3.9","2.97","0.9",,,,
"296.735","0","0","0",,,,,,,"-0.25","0","-0.1",
"296.785","0","0","0","3000","1465","485","3.9","3.02","0.9",,,,
"296.786","0","0","0",,,,,,,"-0.25","0","-0.1",
"296.836","0","0","0","3000","1467","487","3.9","3.01","0.9",,,,
"296.837","0","0","0",,,,,,,"-0.25","0","-0.1",
"296.887","0","0","0","3000","1473","492","3.9","2.99","0.9",,,,
"296.888","0","0","0",,,,,,,"-0.25","0","-0.1",
"296.938","0","0","0","3000","1475","488","3.9","3.02","0.9",,,,
"296.939","0","0","0",,,,,,,"-0.25","0","-0.1",
"296.989","0","0","0","3000","1469","487","3.9","3.02","0.9",,,,
"296.99","0","0","0",,,,,,,"-0.25","0","-0.1",
"297.04","0","0","0","3000","1469","490","3.9","3","0.9",,,,
"297.041","0","0","0",,,,,,,"-0.25","0","-0.1",
"297.091","0","0","0","3000","1474","488","3.9","3.02","0.9",,,,
"297.092","0","0","0",,,,,,,"-0.25","0","-0.1",
"297.142","0","0","0","3000","1481","493","3.9","3","0.9",,,,
"297.143","0","0","0",,,,,,,"-0.25","0","-0.1",
"297.193","0","0","0","3000","1475","490","3.9","3.01","0.9",,,,
"297.194","0","0","0",,,,,,,"-0.25","0","-0.1",
"297.244","0","0","0","3000","1457","489","3.9","2.98","0.9",,,,
"297.245","0","0","0",,,,,,,"-0.25","0","-0.1",
"297.295","0","0","0","3000","1460","489","3.9","2.98","0.9",,,,
"297.296","0","0","0",,,,,,,"-0.25","0","-0.1",
"297.346","0","0","0","3000","1464","483","3.9","3.03","0.9",,,,
"297.347","0","0","0",,,,,,,"-0.25","0","-0.1",
"297.397","0","0","0","3000","1460","489","3.9","2.99","0.9",,,,
"297.398","0","0","0",,,,,,,"-0.25","0","-0.1",
"297.448","0","0","0","3000","1456","489","3.9","2.98","0.9",,,,
"297.449","0","0","0",,,,,,,"-0.25","0","-0.1",
"297.499","0","0","0","3000","1453","484","3.9","3","0.9",,,,
"297.5","0","0","0",,,,,,,"-0.25","0","-0.1",
"297.55","0","0","0","3000","1452","486","3.9","2.99","0.9",,,,
"297.551","0","0","0",,,,,,,"-0.25","0","-0.1",
"297.601","0","0","0","3000","1457","488","3.9","2.99","0.9",,,,
"297.602","0","0","0",,,,,,,"-0.25","0","-0.1",
"297.652","0","0","0","3000","1462","487","3.9","3","0.9",,,,
"297.653","0","0","0",,,,,,,"-0.25","0","-0.1",
"297.703","0","0","0","3000","1475","491","3.9","3","0.9",,,,
"297.704","0","0","0",,,,,,,"-0.25","0","-0.1",
"297.754","0","0","0","3000","1481","492","3.9","3.01","0.9",,,,
"297.755","0","0","0",,,,,,,"-0.25","0","-0.1",
"297.805","0","0","0","3000","1478","498","3.9","2.97","0.9",,,,
"297.806","0","0","0",,,,,,,"-0.25","0","-0.1",
"297.856","0","0","0","3000","1477","495","3.9","2.99","0.9",,,,
"297.857","0","0","0",,,,,,,"-0.25","0","-0.1",
"297.907","0","0","0","3000","1477","488","3.9","3.03","0.9",,,,
"297.908","0","0","0",,,,,,,"-0.25","0","-0.1",
"297.958","0","0","0","3000","1477","495","3.9","2.99","0.9",,,,
"297.959","0","0","0",,,,,,,"-0.25","0","-0.1",
"298.009","0","0","0","3000","1466","491","3.9","2.98","0.9",,,,
"298.01","0","0","0",,,,,,,"-0.25","0","-0.1",
"298.06","0","0","0","3000","1448","483","3.9","3","0.9",,,,
"298.061","0","0","0",,,,,,,"-0.25","0","-0.1",
"298.111","0","0","0","3000","1459","484","3.9","3.02","0.9",,,,
"298.112","0","0","0",,,,,,,"-0.25","0","-0.1",
"298.162","0","0","0","3000","1467","485","3.9","3.03","0.9",,,,
"298.163","0","0","0",,,,,,,"-0.25","0","-0.1",
"298.213","0","0","0","3000","1454","483","3.9","3.01","0.9",,,,
"298.214","0","0","0",,,,,,,"-0.25","0","-0.1",
"298.264","0","0","0","3000","1452","483","3.9","3","0.9",,,,
"298.265","0","0","0",,,,,,,"-0.25","0","-0.1",
"298.315","0","0","0","3000","1464","482","3.9","3.04","0.9",,,,
"298.316","0","0","0",,,,,,,"-0.25","0","-0.1",
"298.366","0","0","0","3000","1467","491","3.9","2.99","0.9",,,,
"298.367","0","0","0",,,,,,,"-0.25","0","-0.1",
"298.417","0","0","0","3000","1470","487","3.9","3.02","0.9",,,,
"298.418","0","0","0",,,,,,,"-0.25","0","-0.1",
"298.468","0","0","0","3000","1478","488","3.9","3.03","0.9",,,,
"298.469","0","0","0",,,,,,,"-0.25","0","-0.1",
"298.519","0","0","0","3000","1492","499","3.9","2.99","0.9",,,,
"298.52","0","0","0",,,,,,,"-0.25","0","-0.1",
"298.57","0","0","0","3000","1497","495","3.9","3.02","0.9",,,,
"298.571","0","0","0",,,,,,,"-0.25","0","-0.1",
"298.621","0","0","0","3000","1485","498","3.9","2.98","0.9",,,,
"298.622","0","0","0",,,,,,,"-0.25","0","-0.1",
"298.672","0","0","0","3000","1480","494","3.9","3","0.9",,,,
"298.673","0","0","0",,,,,,,"-0.25","0","-0.1",
"298.723","0","0","0","3000","1474","492","3.9","3","0.9",,,,
"298.724","0","0","0",,,,,,,"-0.25","0","-0.1",
"298.774","0","0","0","3000","1477","495","3.9","2.99","0.9",,,,
"298.775","0","0","0",,,,,,,"-0.25","0","-0.1",
"298.825","0","0","0","3000","1471","491","3.9","2.99","0.9",,,,
"298.826","0","0","0",,,,,,,"-0.25","0","-0.1",
"298.876","0","0","0","3000","1459","488","3.9","2.99","0.9",,,,
"298.877","0","0","0",,,,,,,"-0.25","0","-0.1",
"298.927","0","0","0","3000","1465","490","3.9","2.99","0.9",,,,
"298.928","0","0","0",,,,,,,"-0.25","0","-0.1",
"298.978","0","0","0","3000","1470","488","3.9","3.01","0.9",,,,
"298.979","0","0","0",,,,,,,"-0.25","0","-0.1",
"299.029","0","0","0","3000","1457","491","3.9","2.97","0.9",,,,
"299.03","0","0","0",,,,,,,"-0.25","0","-0.1",
"299.08","0","0","0","3000","1460","488","3.9","2.99","0.9",,,,
"299.081","0","0","0",,,,,,,"-0.25","0","-0.1",
"299.131","0","0","0","3000","1474","487","3.9","3.03","0.9",,,,
"299.132","0","0","0",,,,,,,"-0.25","0","-0.1",
"299.182","0","0","0","3000","1489","496","3.9","3","0.9",,,,
"299.183","0","0","0",,,,,,,"-0.25","0","-0.1",
"299.233","0","0","0","3000","1502","496","3.9","3.03","0.9",,,,
"299.234","0","0","0",,,,,,,"-0.25","0","-0.1",
"299.284","0","0","0","3000","1505","500","3.9","3.01","0.9",,,,
"299.285","0","0","0",,,,,,,"-0.25","0","-0.1",
"299.335","0","0","0","3000","1502","503","3.9","2.99","0.9",,,,
"299.336","0","0","0",,,,,,,"-0.25","0","-0.1",
"299.386","0","0","0","3000","1499","497","3.9","3.02","0.9",,,,
"299.387","0","0","0",,,,,,,"-0.25","0","-0.1",
"299.437","0","0","0","3000","1491","496","3.9","3.01","0.9",,,,
"299.438","0","0","0",,,,,,,"-0.25","0","-0.1",
"299.488","0","0","0","3000","1485","497","3.9","2.99","0.9",,,,
"299.489","0","0","0",,,,,,,"-0.25","0","-0.1",
"299.539","0","0","0","3000","1476","492","3.9","3","0.9",,,,
"299.54","0","0","0",,,,,,,"-0.25","0","-0.1",
"299.59","0","0","0","3000","1471","490","3.9","3","0.9",,,,
"299.591","0","0","0",,,,,,,"-0.25","0","-0.1",
"299.641","0","0","0","3000","1465","486","3.9","3.01","0.9",,,,
"299.642","0","0","0",,,,,,,"-0.25","0","-0.1",
"299.692","0","0","0","3000","1462","487","3.9","3","0.9",,,,
"299.693","0","0","0",,,,,,,"-0.25","0","-0.1",
"299.743","0","0","0","3000","1461","490","3.9","2.98","0.9",,,,
"299.744","0","0","0",,,,,,,"-0.25","0","-0.1",
"299.794","0","0","0","3000","1461","482","3.9","3.03","0.9",,,,
"299.795","0","0","0",,,,,,,"-0.25","0","-0.1",
"299.845","0","0","0","3000","1464","489","3.9","2.99","0.9",,,,
"299.846","0","0","0",,,,,,,"-0.25","0","-0.1",
"299.896","0","0","0","3000","1465","491","3.9","2.98","0.9",,,,
"299.897","0","0","0",,,,,,,"-0.25","0","-0.1",
"299.947","0","0","0","3000","1466","487","3.9","3.01","0.9",,,,
"299.948","0","0","0",,,,,,,"-0.25","0","-0.1",
"299.998","0","0","0","3000","1468","490","3.9","2.99","0.9",,,,
"299.999","0","0","0",,,,,,,"-0.25","0","-0.1",
"300.049","0","0","0","3000","1468","492","3.9","2.98","0.9",,,,
"300.05","0","0","0",,,,,,,"-0.25","0","-0.1",
"300.1","0","0","0","3000","1467","490","3.9","2.99","0.9",,,,
"300.101","0","0","0",,,,,,,"-0.25","0","-0.1",
"300.151","0","0","0","3000","1476","492","3.9","3","0.9",,,,
"300.152","0","0","0",,,,,,,"-0.25","0","-0.1",
"300.202","0","0","0","3000","1479","492","3.9","3.01","0.9",,,,
"300.203","0","0","0",,,,,,,"-0.25","0","-0.1",
"300.253","0","0","0","3000","1454","493","3.9","2.95","0.9",,,,
"300.254","0","0","0",,,,,,,"-0.25","0","-0.1",
"300.304","0","0","0","3000","1453","487","3.9","2.98","0.9",,,,
"300.305","0","0","0",,,,,,,"-0.25","0","-0.1",
"300.355","0","0","0","3000","1459","481","3.9","3.03","1",,,,
"300.356","0","0","0",,,,,,,"-0.25","0","-0.1",
"300.406","0","0","0","3000","1464","490","3.9","2.98","1",,,,
"300.407","0","0","0",,,,,,,"-0.25","0","-0.1",
"300.457","0","0","0","3000","1463","490","3.9","2.98","1",,,,
"300.458","0","0","0",,,,,,,"-0.25","0","-0.1",
"300.508","0","0","0","3000","1456","493","3.9","2.96","1",,,,
"300.509","0","0","0",,,,,,,"-0.25","0","-0.1",
"300.559","0","0","0","3000","1452","499","3.9","2.91","1",,,,
"300.56","0","0","0",,,,,,,"-0.25","0","-0.1",
"300.61","0","0","0","3000","1451","507","3.9","2.86","1",,,,
"300.611","0","0","0",,,,,,,"-0.25","0","-0.1",
"300.661","0","0","0","3000","1448","520","3.9","2.78","1",,,,
"300.662","0","0","0",,,,,,,"-0.25","0","-0.1",
"300.712","0","0","0","3000","1456","530","3.9","2.75","1",,,,
"300.713","0","0","0",,,,,,,"-0.25","0","-0.1",
"300.763","0","0","0","3000","1470","536","3.9","2.74","1",,,,
"300.764","0","0","0",,,,,,,"-0.25","0","-0.1",
"300.814","0","0","0","3000","1471","542","3.9","2.71","1",,,,
"300.815","0","0","0",,,,,,,"-0.25","0","-0.1",
"300.865","0","0","0","3000","1474","540","3.9","2.73","1",,,,
"300.866","0","0","0",,,,,,,"-0.25","0","-0.1",
"300.916","0","0","0","3000","1478","543","3.9","2.72","1",,,,
"300.917","0","0","0",,,,,,,"-0.25","0","-0.1",
"300.967","0","0","0","3000","1469","549","3.9","2.67","1",,,,
"300.968","0","0","0",,,,,,,"-0.25","0","-0.1",
"301.018","0","0","0","3000","1463","542","3.9","2.7","1",,,,
"301.019","0","0","0",,,,,,,"-0.25","0","-0.1",
"301.069","0","0","0","3000","1465","540","3.9","2.71","1",,,,
"301.07","0","0","0",,,,,,,"-0.25","0","-0.1",
"301.12","0","0","0","3000","1477","551","3.9","2.68","1",,,,
"301.121","0","0","0",,,,,,,"-0.25","0","-0.1",
"301.171","0","0","0","3000","1493","552","3.9","2.71","1",,,,
"301.172","0","0","0",,,,,,,"-0.25","0","-0.1",
"301.222","0","0","0","3000","1486","555","3.9","2.68","1",,,,
"301.223","0","0","0",,,,,,,"-0.25","0","-0.1",
"301.273","0","0","0","3000","1471","548","3.9","2.68","1",,,,
"301.274","0","0","0",,,,,,,"-0.25","0","-0.1",
"301.324","0","0","0","3000","1459","541","3.9","2.69","1",,,,
"301.325","0","0","0",,,,,,,"-0.25","0","-0.1",
"301.375","0","0","0","3000","1466","543","3.9","2.7","1",,,,
"301.376","0","0","0",,,,,,,"-0.25","0","-0.1",
"301.426","0","0","0","3000","1472","543","3.9","2.71","1",,,,
"301.427","0","0","0",,,,,,,"-0.25","0","-0.1",
"301.477","0","0","0","3000","1470","544","3.9","2.7","1",,,,
"301.478","0","0","0",,,,,,,"-0.25","0","-0.1",
"301.528","0","0","0","3000","1473","550","3.9","2.68","1",,,,
"301.529","0","0","0",,,,,,,"-0.25","0","-0.1",
"301.579","0","0","0","3000","1478","543","3.9","2.72","1",,,,
"301.58","0","0","0",,,,,,,"-0.25","0","-0.1",
"301.63","0","0","0","3000","1478","551","3.9","2.68","1",,,,
"301.631","0","0","0",,,,,,,"-0.25","0","-0.1",
"301.681","0","0","0","3000","1486","549","3.9","2.7","1",,,,
"301.682","0","0","0",,,,,,,"-0.25","0","-0.1",
"301.732","0","0","0","3000","1498","549","3.9","2.73","1",,,,
"301.733","0","0","0",,,,,,,"-0.25","0","-0.1",
"301.783","0","0","0","3000","1499","559","3.9","2.68","1",,,,
"301.784","0","0","0",,,,,,,"-0.25","0","-0.1",
"301.834","0","0","0","3000","1496","557","3.9","2.69","1",,,,
"301.835","0","0","0",,,,,,,"-0.25","0","-0.1",
"301.885","0","0","0","3000","1489","550","3.9","2.71","1",,,,
"301.886","0","0","0",,,,,,,"-0.25","0","-0.1",
"301.936","0","0","0","3000","1920","552","3.9","3.48","1",,,,
"301.937","0","0","0",,,,,,,"-0.25","0","-0.1",
"301.987","0","0","0","3000","1957","550","3.9","3.56","1",,,,
"301.988","0","0","0",,,,,,,"-0.25","0","-0.1",
"302.038","0","0","0","3000","1482","553","3.9","2.68","1",,,,
"302.039","0","0","0",,,,,,,"-0.25","0","-0.1",
"302.089","0","0","0","3000","1490","551","3.9","2.7","1",,,,
"302.09","0","0","0",,,,,,,"-0.25","0","-0.1",
"302.14","0","0","0","3000","1496","552","3.9","2.71","1",,,,
"302.141","0","0","0",,,,,,,"-0.25","0","-0.1",
"302.191","0","0","0","3000","1501","557","3.9","2.69","1",,,,
"302.192","0","0","0",,,,,,,"-0.25","0","-0.1",
"302.242","0","0","0","3000","1501","557","3.9","2.7","1",,,,
"302.243","0","0","0",,,,,,,"-0.25","0","-0.1",
"302.293","0","0","0","3000","1499","555","3.9","2.7","1",,,,
"302.294","0","0","0",,,,,,,"-0.25","0","-0.1",
"302.344","0","0","0","3000","1498","557","3.9","2.69","1",,,,
"302.345","0","0","0",,,,,,,"-0.25","0","-0.1",
"302.395","0","0","0","3000","1496","553","3.9","2.7","1",,,,
"302.396","0","0","0",,,,,,,"-0.25","0","-0.1",
"302.446","0","0","0","3000","1488","553","3.9","2.69","1",,,,
"302.447","0","0","0",,,,,,,"-0.25","0","-0.1",
"302.497","0","0","0","3000","1484","555","3.9","2.68","1",,,,
"302.498","0","0","0",,,,,,,"-0.25","0","-0.1",
"302.548","0","0","0","3000","1480","547","3.9","2.71","1",,,,
"302.549","0","0","0",,,,,,,"-0.25","0","-0.1",
"302.599","0","0","0","3000","1478","547","3.9","2.7","1",,,,
"302.6","0","0","0",,,,,,,"-0.25","0","-0.1",
"302.65","0","0","0","3000","1474","552","3.9","2.67","1",,,,
"302.651","0","0","0",,,,,,,"-0.25","0","-0.1",
"302.701","0","0","0","3000","1472","544","3.9","2.71","1",,,,
"302.702","0","0","0",,,,,,,"-0.25","0","-0.1",
"302.752","0","0","0","3000","1480","547","3.9","2.71","1",,,,
"302.753","0","0","0",,,,,,,"-0.25","0","-0.1",
"302.803","0","0","0","3000","1484","545","3.9","2.72","1",,,,
"302.804","0","0","0",,,,,,,"-0.25","0","-0.1",
"302.854","0","0","0","3000","1486","553","3.9","2.69","1",,,,
"302.855","0","0","0",,,,,,,"-0.25","0","-0.1",
"302.905","0","0","0","3000","1487","555","3.9","2.68","1",,,,
"302.906","0","0","0",,,,,,,"-0.25","0","-0.1",
"302.956","0","0","0","3000","1486","547","3.9","2.72","1",,,,
"302.957","0","0","0",,,,,,,"-0.25","0","-0.1",
"303.007","0","0","0","3000","1479","550","3.9","2.69","1",,,,
"303.008","0","0","0",,,,,,,"-0.25","0","-0.1",
"303.058","0","0","0","3000","1475","552","3.9","2.67","1",,,,
"303.059","0","0","0",,,,,,,"-0.25","0","-0.1",
"303.109","0","0","0","3000","1477","543","3.9","2.72","1",,,,
"303.11","0","0","0",,,,,,,"-0.25","0","-0.1",
"303.16","0","0","0","3000","1450","548","3.9","2.65","1",,,,
"303.161","0","0","0",,,,,,,"-0.25","0","-0.1",
"303.211","0","0","0","3000","1436","533","3.9","2.69","1",,,,
"303.212","0","0","0",,,,,,,"-0.25","0","-0.1",
"303.262","0","0","0","3000","1462","536","3.9","2.73","1",,,,
"303.263","0","0","0",,,,,,,"-0.25","0","-0.1",
"303.313","0","0","0","3000","1469","547","3.9","2.69","1",,,,
"303.314","0","0","0",,,,,,,"-0.25","0","-0.1",
"303.364","0","0","0","3000","1474","544","3.9","2.71","1",,,,
"303.365","0","0","0",,,,,,,"-0.25","0","-0.1",
"303.415","0","0","0","3000","1474","546","3.9","2.7","1",,,,
"303.416","0","0","0",,,,,,,"-0.25","0","-0.1",
"303.466","0","0","0","3000","1478","551","3.9","2.68","1",,,,
"303.467","0","0","0",,,,,,,"-0.25","0","-0.1",
